Home #,#,Pokemon,Type 1,Type 2,Species
1,001,Bulbasaur,Grass,Poison,
2,002,Ivysaur,Grass,Poison,
3,003,Venusaur,Grass,Poison,Venusaur
3-1,003-m,Venusaur-Mega,Grass,Poison,Venusaur
4,004,Charmander,Fire,,
5,005,Charmeleon,Fire,,
6,006,Charizard,Fire,Flying,Charizard
6-1,006-mx,Charizard-Mega-X,Fire,Dragon,Charizard
6-2,006-my,Charizard-Mega-Y,Fire,Flying,Charizard
7,007,Squirtle,Water,,
8,008,Wartortle,Water,,
9,009,Blastoise,Water,,Blastoise
9-1,009-m,Blastoise-Mega,Water,,Blastoise
10,010,Caterpie,Bug,,
11,011,Metapod,Bug,,
12,012,Butterfree,Bug,Flying,
13,013,Weedle,Bug,Poison,
14,014,Kakuna,Bug,Poison,
15,015,Beedrill,Bug,Poison,
15-1,015-m,Beedrill-Mega,Bug,Poison,
16,016,Pidgey,Normal,Flying,
17,017,Pidgeotto,Normal,Flying,
18,018,Pidgeot,Normal,Flying,
18-1,018-m,Pidgeot-Mega,Normal,Flying,
,,Pawmi,Electric,,
19,019,Rattata,Normal,,
19-1,019-a,Rattata-Alola,Dark,Normal,
20,020,Raticate,Normal,,
20-1,020-a,Raticate-Alola,Dark,Normal,
21,021,Spearow,Normal,Flying,
,,Oinkologne-Male,Normal,,
22,022,Fearow,Normal,Flying,
894,894,Regieleki,Electric,,
23,023,Ekans,Poison,,
24,024,Arbok,Poison,,
25,025,Pikachu,Electric,,
26,026,Raichu,Electric,,
26-1,026-a,Raichu-Alola,Electric,Psychic,
27,027,Sandshrew,Ground,,
27-1,027-a,Sandshrew-Alola,Ice,Steel,
28,028,Sandslash,Ground,,
28-1,028-a,Sandslash-Alola,Ice,Steel,
29,029,Nidoran-F,Poison,,
30,030,Nidorina,Poison,,
31,031,Nidoqueen,Poison,Ground,
32,032,Nidoran-M,Poison,,
33,033,Nidorino,Poison,,
34,034,Nidoking,Poison,Ground,
35,035,Clefairy,Fairy,,
36,036,Clefable,Fairy,,
37,037,Vulpix,Fire,,
37-1,037-a,Vulpix-Alola,Ice,,
38,038,Ninetales,Fire,,
,,Kingambit,Dark,Steel,
38-1,038-a,Ninetales-Alola,Ice,Fairy,
39,039,Jigglypuff,Normal,Fairy,
40,040,Wigglytuff,Normal,Fairy,
41,041,Zubat,Poison,Flying,
,,Pawmot,Electric,Fighting,
42,042,Golbat,Poison,Flying,
43,043,Oddish,Poison,Flying,
44,044,Gloom,Grass,Poison,
45,045,Vileplume,Grass,Poison,
46,046,Paras,Bug,Grass,
47,047,Parasect,Bug,Grass,
48,048,Venonat,Bug,Poison,
49,049,Venomoth,Bug,Poison,
50,050,Diglett,Ground,,
902-2,902-F,Basculegion-Female,Water,Ghost,
50-1,050-a,Diglett-Alola,Ground,Steel,
51,051,Dugtrio,Ground,,
51-1,051-a,Dugtrio-Alola,Ground,Steel,
52,052,Meowth,Normal,,
52-1,052-a,Meowth-Alola,Dark,,
52-2,052-g,Meowth-Galar,Steel,,
53,053,Persian,Normal,,
53-1,053-a,Persian-Alola,Dark,,
54,054,Psyduck,Water,,
55,055,Golduck,Water,,
56,056,Mankey,Fighting,,
889-1,889-c,Zamazenta-Crowned,Fighting,Steel,
889,889,Zamazenta,Fighting,,
57,057,Primeape,Fighting,,
58,058,Growlithe,Fire,,
,,Veluza,Water,Psychic,
59,059,Arcanine,Fire,,
60,060,Poliwag,Water,,
61,061,Poliwhirl,Water,,
62,062,Poliwrath,Water,Fighting,
63,063,Abra,Psychic,,
64,064,Kadabra,Psychic,,
65,065,Alakazam,Psychic,,Alakazam
,,Tandemaus,Normal,,
65-1,065-m,Alakazam-Mega,Psychic,,Alakazam
66,066,Machop,Fighting,,
67,067,Machoke,Fighting,,
68,068,Machamp,Fighting,,
69,069,Bellsprout,Grass,Poison,
70,070,Weepinbell,Grass,Poison,
71,071,Victreebel,Grass,Poison,
72,072,Tentacool,Water,Poison,
73,073,Tentacruel,Water,Poison,
74,074,Geodude,Rock,Ground,
74-1,074-a,Geodude-Alola,Rock,Electric,
75,075,Graveler,Rock,Ground,
75-1,075-a,Graveler-Alola,Rock,Electric,
76,076,Golem,Rock,Ground,
76-1,076-a,Golem-Alola,Rock,Electric,
77,077,Ponyta,Fire,,
77-1,077-g,Ponyta-Galar,Psychic,,
78,078,Rapidash,Fire,,
,,Tauros-Paldea-Water,Fighting,Water,
78-1,078-g,Rapidash-Galar,Psychic,Fairy,
79,079,Slowpoke,Water,Psychic,
79-1,079-g,Slowpoke-Galar,Psychic,,
80,080,Slowbro,Water,Psychic,Slowbro
,,Charcadet,Fire,,
979,979,Annihilape,Fighting,Ghost,
80-1,080-m,Slowbro-Mega,Water,Psychic,Slowbro
900,900,Kleavor,Bug,Rock,
80-2,080-g,Slowbro-Galar,Poison,Psychic,Slowbro
81,081,Magnemite,Electric,Steel,
82,082,Magneton,Electric,Steel,
83,083,Farfetch'd,Normal,Flying,
,,Varoom,Steel,Poison,
83-1,083-g,Farfetch'd-Galar,Fighting,,
84,084,Doduo,Normal,Flying,
85,085,Dodrio,Normal,Flying,
86,086,Seel,Water,,
87,087,Dewgong,Water,Ice,
88,088,Grimer,Poison,,
88-1,088-a,Grimer-Alola,Poison,Dark,
89,089,Muk,Poison,,
89-1,089-a,Muk-Alola,Poison,Dark,
90,090,Shellder,Water,,
91,091,Cloyster,Water,Ice,
92,092,Gastly,Ghost,Poison,
93,093,Haunter,Ghost,Poison,
94,094,Gengar,Ghost,Poison,
94-1,094-m,Gengar-Mega,Ghost,Poison,
95,095,Onix,Rock,Ground,
,,Bellibolt,Electric,,
96,096,Drowzee,Psychic,,
97,097,Hypno,Psychic,,
98,098,Krabby,Water,,
99,099,Kingler,Water,,
100,100,Voltorb,Electric,,
101,101,Electrode,Electric,,
102,102,Exeggcute,Grass,Psychic,
103,103,Exeggutor,Grass,Psychic,
103-1,103-a,Exeggutor-Alola,Grass,Dragon,
104,104,Cubone,Ground,,
105,105,Marowak,Ground,,
,,Wooper-Paldea,Poison,Ground,
,,Tinkatuff,Fairy,Steel,
,,Tinkatink,Fairy,Steel,
105-1,105-a,Marowak-Alola,Fire,Ghost,
106,106,Hitmonlee,Fighting,,
,,Pawmo,Electric,Fighting,
107,107,Hitmonchan,Fighting,,
108,108,Lickitung,Normal,,
109,109,Koffing,Poison,,
110,110,Weezing,Poison,,
110-1,110-g,Weezing-Galar,Poison,Fairy,
111,111,Rhyhorn,Ground,Rock,
112,112,Rhydon,Ground,Rock,
113,113,Chansey,Normal,,
114,114,Tangela,Grass,,
115,115,Kangaskhan,Normal,,
115-1,115-m,Kangaskhan-Mega,Normal,,
116,116,Horsea,Water,,
,,Flutter Mane,Ghost,Fairy,
,,Scream Tail,Fairy,Psychic,
117,117,Seadra,Water,,
118,118,Goldeen,Water,,
119,119,Seaking,Water,,
120,120,Staryu,Water,,
121,121,Starmie,Water,Psychic,
122,122,Mr. Mime,Psychic,Fairy,
122-1,122-g,Mr. Mime-Galar,Ice,Psychic,
123,123,Scyther,Bug,Flying,
124,124,Jynx,Ice,Psychic,
125,125,Electabuzz,Electric,,
126,126,Magmar,Fire,,
127,127,Pinsir,Bug,,
127-1,127-m,Pinsir-Mega,Bug,Flying,
128,128,Tauros,Normal,,
129,129,Magikarp,Water,,
,,Fuecoco,Fire,,
130,130,Gyarados,Water,Flying,
130-1,130-m,Gyarados-Mega,Water,Dark,
131,131,Lapras,Water,Ice,
132,132,Ditto,Normal,,
133,133,Eevee,Normal,,
134,134,Vaporeon,Water,,
135,135,Jolteon,Electric,,
136,136,Flareon,Fire,,
137,137,Porygon,Normal,,
138,138,Omanyte,Rock,Water,
139,139,Omastar,Rock,Water,
140,140,Kabuto,Rock,Water,
141,141,Kabutops,Rock,Water,
142,142,Aerodactyl,Rock,Flying,
142-1,142-m,Aerodactyl-Mega,Rock,Flying,
143,143,Snorlax,Normal,,
144,144,Articuno,Ice,Flying,Articuno
144-1,144-g,Articuno-Galar,Psychic,Flying,Articuno
145,145,Zapdos,Electric,Flying,Zapdos
145-1,145-g,Zapdos-Galar,Fighting,Flying,Zapdos
146,146,Moltres,Fire,Flying,Moltres
146-1,146-g,Moltres-Galar,Dark,Flying,Moltres
147,147,Dratini,Dragon,,
148,148,Dragonair,Dragon,,
149,149,Dragonite,Dragon,Flying,
150,150,Mewtwo,Psychic,,
,,Electrode-Hisui,Electric,Grass,
150-1,150-mx,Mewtwo-Mega-X,Psychic,Fighting,
150-2,150-my,Mewtwo-Mega-Y,Psychic,,
151,151,Mew,Psychic,,
152,152,Chikorita,Grass,,
153,153,Bayleef,Grass,,
154,154,Meganium,Grass,,
155,155,Cyndaquil,Fire,,
156,156,Quilava,Fire,,
,,Klawf,Rock,,
157,157,Typhlosion,Fire,,
,,Quaxwell,Water,,
158,158,Totodile,Water,,
159,159,Croconaw,Water,,
160,160,Feraligatr,Water,,
161,161,Sentret,Normal,,
162,162,Furret,Normal,,
163,163,Hoothoot,Normal,Flying,
164,164,Noctowl,Normal,Flying,
165,165,Ledyba,Bug,Flying,
166,166,Ledian,Bug,Flying,
,,Sneasel-Hisui,Poison,Fighting,
167,167,Spinarak,Bug,Poison,
168,168,Ariados,Bug,Poison,
169,169,Crobat,Poison,Flying,
170,170,Chinchou,Water,Electric,
171,171,Lanturn,Water,Electric,
172,172,Pichu,Electric,,
173,173,Cleffa,Fairy,,
174,174,Igglybuff,Normal,Fairy,
175,175,Togepi,Fairy,,
176,176,Togetic,Fairy,Flying,
177,177,Natu,Psychic,Flying,
178,178,Xatu,Psychic,Flying,
179,179,Mareep,Electric,,
180,180,Flaaffy,Electric,,
181,181,Ampharos,Electric,,
181-1,181-m,Ampharos-Mega,Electric,Dragon,
182,182,Bellossom,Grass,,
183,183,Marill,Water,Fairy,
184,184,Azumarill,Water,Fairy,
185,185,Sudowoodo,Rock,,
186,186,Politoed,Water,,
187,187,Hoppip,Grass,Flying,
188,188,Skiploom,Grass,Flying,
,,Lechonk,Normal,,
,,Wugtrio,Water,,
189,189,Jumpluff,Grass,Flying,
190,190,Aipom,Normal,,
191,191,Sunkern,Grass,,
192,192,Sunflora,Grass,,
193,193,Yanma,Bug,Flying,
194,194,Wooper,Water,,
195,195,Quagsire,Water,Ground,
196,196,Espeon,Psychic,,
197,197,Umbreon,Dark,,
198,198,Murkrow,Dark,Flying,
199,199,Slowking,Water,Psychic,Slowking
199-1,199-g,Slowking-Galar,Poison,Psychic,Slowking
200,200,Misdreavus,Ghost,,
201,201,Unown,Psychic,,
202,202,Wobbuffet,Psychic,,
203,203,Girafarig,Normal,Psychic,
204,204,Pineco,Bug,,
205,205,Forretress,Bug,Steel,
206,206,Dunsparce,Normal,,
207,207,Gligar,Ground,Flying,
208,208,Steelix,Ground,Steel,
208-1,208-m,Steelix-Mega,Ground,Steel,
209,209,Snubbull,Fairy,,
,,Dachsbun,Fairy,,
210,210,Granbull,Fairy,,
211,211,Qwilfish,Water,Poison,
212,212,Scizor,Bug,Steel,Scizor
212-1,212-m,Scizor-Mega,Bug,Steel,Scizor
213,213,Shuckle,Bug,Rock,
214,214,Heracross,Bug,Fighting,
214-1,214-m,Heracross-Mega,Bug,Fighting,
215,215,Sneasel,Dark,Ice,
216,216,Teddiursa,Normal,,
217,217,Ursaring,Normal,,
218,218,Slugma,Fire,,
219,219,Magcargo,Fire,Rock,
220,220,Swinub,Ice,Ground,
221,221,Piloswine,Ice,Ground,
222,222,Corsola,Water,Rock,
222-1,222-g,Corsola-Galar,Ghost,,
223,223,Remoraid,Water,,
224,224,Octillery,Water,,
225,225,Delibird,Ice,Flying,
226,226,Mantine,Water,Flying,
227,227,Skarmory,Steel,Flying,
228,228,Houndour,Dark,Fire,
896,896,Glastrier,Ice,,
229,229,Houndoom,Dark,Fire,
229-1,229-m,Houndoom-Mega,Dark,Fire,
230,230,Kingdra,Water,Dragon,
231,231,Phanpy,Ground,,
232,232,Donphan,Ground,,
,,Sneasler,Poison,Fighting,
,,Qwilfish-Hisui,Dark,Poison,
233,233,Porygon2,Normal,,
234,234,Stantler,Normal,,
,,Maschiff,Dark,,
235,235,Smeargle,Normal,,
236,236,Tyrogue,Fighting,,
237,237,Hitmontop,Fighting,,
238,238,Smoochum,Ice,Psychic,
239,239,Elekid,Electric,,
240,240,Magby,Fire,,
241,241,Miltank,Normal,,
242,242,Blissey,Normal,,
243,243,Raikou,Electric,,
244,244,Entei,Fire,,
245,245,Suicune,Water,,
,,Smoliv,Grass,Normal,
246,246,Larvitar,Rock,Ground,
247,247,Pupitar,Rock,Ground,
248,248,Tyranitar,Rock,Dark,Tyranitar
248-1,248-m,Tyranitar-Mega,Rock,Dark,Tyranitar
249,249,Lugia,Psychic,Flying,
250,250,Ho-Oh,Fire,Flying,
,,Quaxly,Water,,
,,Bramblin,Grass,Ghost,
251,251,Celebi,Grass,Psychic,
252,252,Treecko,Grass,,
253,253,Grovyle,Grass,,
,,Espathra,Psychic,,
254,254,Sceptile,Grass,,
254-1,254-m,Sceptile-Mega,Grass,Dragon,
255,255,Torchic,Fire,,
256,256,Combusken,Fire,Fighting,
,,Farigiraf,Normal,Psychic,
257,257,Blaziken,Fire,Fighting,
257-1,257-m,Blaziken-Mega,Fire,Fighting,
,,Growlithe-Hisui,Fire,Rock,
258,258,Mudkip,Water,,
,,Revavroom,Steel,Poison,
259,259,Marshtomp,Water,Ground,
260,260,Swampert,Water,Ground,Swampert
260-1,260-m,Swampert-Mega,Water,Ground,Swampert
261,261,Poochyena,Dark,,
262,262,Mightyena,Dark,,
,,Cetitan,Ice,,
263,263,Zigzagoon,Normal,,
263-1,263-g,Zigzagoon-Galar,Dark,Normal,
264,264,Linoone,Normal,,
264-1,264-g,Linoone-Galar,Dark,Normal,
265,265,Wurmple,Bug,,
,,Voltorb-Hisui,Electric,Grass,
266,266,Silcoon,Bug,,
267,267,Beautifly,Bug,Flying,
268,268,Cascoon,Bug,,
269,269,Dustox,Bug,Poison,
270,270,Lotad,Water,Grass,
271,271,Lombre,Water,Grass,
272,272,Ludicolo,Water,Grass,
273,273,Seedot,Grass,,
274,274,Nuzleaf,Grass,Dark,
275,275,Shiftry,Grass,Dark,
276,276,Taillow,Normal,Flying,
,,Lokix,Bug,Dark,
277,277,Swellow,Normal,Flying,
278,278,Wingull,Water,Flying,
279,279,Pelipper,Water,Flying,
280,280,Ralts,Psychic,Fairy,
281,281,Kirlia,Psychic,Fairy,
282,282,Gardevoir,Psychic,Fairy,
282-1,282-m,Gardevoir-Mega,Psychic,Fairy,
,,Tatsugiri,Dragon,Water,
283,283,Surskit,Bug,Water,
284,284,Masquerain,Bug,Flying,
,,Rellor,Bug,,
,,Scovillain,Grass,Fire,
,,Dondozo,Water,,
285,285,Shroomish,Grass,,
286,286,Breloom,Grass,Fighting,
287,287,Slakoth,Normal,,
288,288,Vigoroth,Normal,,
289,289,Slaking,Normal,,
290,290,Nincada,Bug,,
291,291,Ninjask,Bug,Flying,
292,292,Shedinja,Bug,Ghost,
293,293,Whismur,Normal,,
294,294,Loudred,Normal,,
295,295,Exploud,Normal,,
296,296,Makuhita,Fighting,,
297,297,Hariyama,Fighting,,
298,298,Azurill,Normal,Fairy,
299,299,Nosepass,Rock,,
300,300,Skitty,Normal,,
301,301,Delcatty,Normal,,
302,302,Sableye,Dark,Ghost,
302-1,302-m,Sableye-Mega,Dark,Ghost,
303,303,Mawile,Steel,Fairy,
303-1,303-m,Mawile-Mega,Steel,Fairy,
902-1,902-M,Basculegion-Male,Water,Ghost,
304,304,Aron,Steel,Rock,
305,305,Lairon,Steel,Rock,
306,306,Aggron,Steel,Rock,
306-1,306-m,Aggron-Mega,Steel,,
307,307,Meditite,Psychic,Fighting,
308,308,Medicham,Psychic,Fighting,
308-1,308-m,Medicham-Mega,Psychic,Fighting,
309,309,Electrike,Electric,,
310,310,Manectric,Electric,,
310-1,310-m,Manectric-Mega,Electric,,
,,Squawkabilly-Yellow,Normal,Flying,
311,311,Plusle,Electric,,
312,312,Minun,Electric,,
313,313,Volbeat,Bug,,
314,314,Illumise,Bug,,
,,Finizen,Water,,
,,Rabsca,Bug,Psychic,
315,315,Roselia,Grass,Poison,
316,316,Gulpin,Poison,,
317,317,Swalot,Poison,,
318,318,Carvanha,Water,Dark,
319,319,Sharpedo,Water,Dark,
319-1,319-m,Sharpedo-Mega,Water,Dark,
320,320,Wailmer,Water,,
321,321,Wailord,Water,,
322,322,Numel,Fire,Ground,
323,323,Camerupt,Fire,Ground,
323-1,323-m,Camerupt-Mega,Fire,Ground,
324,324,Torkoal,Fire,,
893,893,Zarude,Dark,Grass,
325,325,Spoink,Psychic,,
326,326,Grumpig,Psychic,,
327,327,Spinda,Normal,,
328,328,Trapinch,Ground,,
329,329,Vibrava,Ground,Dragon,
330,330,Flygon,Ground,Dragon,
331,331,Cacnea,Grass,,
332,332,Cacturne,Grass,Dark,
333,333,Swablu,Normal,Flying,
334,334,Altaria,Dragon,Flying,
334-1,334-m,Altaria-Mega,Dragon,Fairy,
335,335,Zangoose,Normal,,
336,336,Seviper,Poison,,
337,337,Lunatone,Rock,Psychic,
338,338,Solrock,Rock,Psychic,
339,339,Barboach,Water,Ground,
340,340,Whiscash,Water,Ground,
341,341,Corphish,Water,,
342,342,Crawdaunt,Water,Dark,
343,343,Baltoy,Ground,Psychic,
344,344,Claydol,Ground,Psychic,
345,345,Lileep,Rock,Grass,
346,346,Cradily,Rock,Grass,
347,347,Anorith,Rock,Bug,
348,348,Armaldo,Rock,Bug,
349,349,Feebas,Water,,
350,350,Milotic,Water,,
351,351,Castform,Normal,,
352,352,Kecleon,Normal,,
353,353,Shuppet,Ghost,,
354,354,Banette,Ghost,,
354-1,354-m,Banette-Mega,Ghost,,
355,355,Duskull,Ghost,,
356,356,Dusclops,Ghost,,
357,357,Tropius,Grass,Flying,
358,358,Chimecho,Psychic,,
359,359,Absol,Dark,,
359-1,359-m,Absol-Mega,Dark,,
360,360,Wynaut,Psychic,,
361,361,Snorunt,Ice,,
,,Flittle,Psychic,,
362,362,Glalie,Ice,,
362-1,362-m,Glalie-Mega,Ice,,
363,363,Spheal,Ice,Water,
364,364,Sealeo,Ice,Water,
365,365,Walrein,Ice,Water,
366,366,Clamperl,Water,,
367,367,Huntail,Water,,
368,368,Gorebyss,Water,,
369,369,Relicanth,Water,Rock,
370,370,Luvdisc,Water,,
371,371,Bagon,Dragon,,
372,372,Shelgon,Dragon,,
,,Glimmora,Rock,Poison,
,,Greavard,Ghost,,
,,Houndstone,Ghost,,
,,Flamigo,Flying,Fighting,
,,Cetoddle,Ice,,
,,Glimmet,Rock,Poison,
,,Sandy Shocks,Electric,Ground,
373,373,Salamence,Dragon,Flying,
373-1,373-m,Salamence-Mega,Dragon,Flying,
374,374,Beldum,Steel,Psychic,
375,375,Metang,Steel,Psychic,
376,376,Metagross,Steel,Psychic,
376-1,376-m,Metagross-Mega,Steel,Psychic,
377,377,Regirock,Rock,,
378,378,Regice,Ice,,
379,379,Registeel,Steel,,
380,380,Latias,Dragon,Psychic,
380-1,380-m,Latias-Mega,Dragon,Psychic,
381,381,Latios,Dragon,Psychic,
381-1,381-m,Latios-Mega,Dragon,Psychic,
382,382,Kyogre,Water,,
382-1,382-p,Kyogre-Primal,Water,,
383,383,Groudon,Ground,,
383-1,383-p,Groudon-Primal,Ground,Fire,
384,384,Rayquaza,Dragon,Flying,
384-1,384-m,Rayquaza-Mega,Dragon,Flying,
,,Fidough,Fairy,,
,,Tinkaton,Fairy,Steel,
385,385,Jirachi,Steel,Psychic,
386,386,Deoxys,Psychic,,
386-1,386-a,Deoxys-Attack,Psychic,,
386-2,386-d,Deoxys-Defense,Psychic,,
,,Tadbulb,Electric,,
888,888,Zacian,Fairy,,
386-3,386-s,Deoxys-Speed,Psychic,,
387,387,Turtwig,Grass,,
388,388,Grotle,Grass,,
389,389,Torterra,Grass,Ground,
390,390,Chimchar,Fire,,
391,391,Monferno,Fire,Fighting,
,,Iron Treads,Ground,Steel,
392,392,Infernape,Fire,Fighting,
393,393,Piplup,Water,,
394,394,Prinplup,Water,,
395,395,Empoleon,Water,Steel,
396,396,Starly,Normal,Flying,
397,397,Staravia,Normal,Flying,
398,398,Staraptor,Normal,Flying,
399,399,Bidoof,Normal,,
400,400,Bibarel,Normal,Water,
401,401,Kricketot,Bug,,
402,402,Kricketune,Bug,,
403,403,Shinx,Electric,,
404,404,Luxio,Electric,,
405,405,Luxray,Electric,,
406,406,Budew,Grass,Poison,
407,407,Roserade,Grass,Poison,
408,408,Cranidos,Rock,,
409,409,Rampardos,Rock,,
410,410,Shieldon,Rock,Steel,
411,411,Bastiodon,Rock,Steel,
412,412,Burmy,Bug,,
413,413,Wormadam,Bug,Grass,
413-1,413-c,Wormadam-Sandy,Bug,Ground,
413-2,413-s,Wormadam-Trash,Bug,Steel,
414,414,Mothim,Bug,Flying,
,,Zoroark-Hisui,Normal,Ghost,
415,415,Combee,Bug,Flying,
416,416,Vespiquen,Bug,Flying,
417,417,Pachirisu,Electric,,
418,418,Buizel,Water,,
419,419,Floatzel,Water,,
420,420,Cherubi,Grass,,
421,421,Cherrim,Grass,,
898-1,898-i,Calyrex-Ice,Psychic,Ice,
422,422,Shellos,Water,,
423,423,Gastrodon,Water,Ground,
424,424,Ambipom,Normal,,
425,425,Drifloon,Ghost,Flying,
426,426,Drifblim,Ghost,Flying,
427,427,Buneary,Normal,,
,,Enamorus,Fairy,Flying,Enamorus
428,428,Lopunny,Normal,,
428-1,428-m,Lopunny-Mega,Normal,Fighting,
429,429,Mismagius,Ghost,,
430,430,Honchkrow,Dark,Flying,
431,431,Glameow,Normal,,
432,432,Purugly,Normal,,
433,433,Chingling,Psychic,,
434,434,Stunky,Poison,Dark,
435,435,Skuntank,Poison,Dark,
436,436,Bronzor,Steel,Psychic,
437,437,Bronzong,Steel,Psychic,
438,438,Bonsly,Rock,,
439,439,Mime Jr.,Psychic,Fairy,
440,440,Happiny,Normal,,
441,441,Chatot,Normal,Flying,
442,442,Spiritomb,Dark,Ghost,
443,443,Gible,Dragon,Ground,
444,444,Gabite,Dragon,Ground,
445,445,Garchomp,Dragon,Ground,Garchomp
,,Arboliva,Grass,Normal,
445-1,445-m,Garchomp-Mega,Dragon,Ground,Garchomp
446,446,Munchlax,Normal,,
447,447,Riolu,Fighting,,
448,448,Lucario,Fighting,Steel,
448-1,448-m,Lucario-Mega,Fighting,Steel,
449,449,Hippopotas,Ground,,
450,450,Hippowdon,Ground,,
451,451,Skorupi,Poison,Bug,
452,452,Drapion,Poison,Dark,
453,453,Croagunk,Poison,Fighting,
454,454,Toxicroak,Poison,Fighting,
455,455,Carnivine,Grass,,
456,456,Finneon,Water,,
457,457,Lumineon,Water,,
458,458,Mantyke,Water,Flying,
459,459,Snover,Grass,Ice,
460,460,Abomasnow,Grass,Ice,
460-1,460-m,Abomasnow-Mega,Grass,Ice,
461,461,Weavile,Dark,Ice,
462,462,Magnezone,Electric,Steel,
463,463,Lickilicky,Normal,,
464,464,Rhyperior,Rock,Ground,
465,465,Tangrowth,Grass,,
466,466,Electivire,Electric,,
467,467,Magmortar,Fire,,
468,468,Togekiss,Fairy,Flying,
469,469,Yanmega,Bug,Flying,
470,470,Leafeon,Grass,,
471,471,Glaceon,Ice,,
472,472,Gliscor,Ground,Flying,
,,Dolliv,Grass,Normal,
473,473,Mamoswine,Ice,Ground,
,,Skeledirge,Fire,Ghost,
474,474,Porygon-Z,Normal,,
475,475,Gallade,Psychic,Fighting,
475-1,475-m,Gallade-Mega,Psychic,Fighting,
476,476,Probopass,Rock,Steel,
477,477,Dusknoir,Ghost,,
478,478,Froslass,Ice,Ghost,
479,479,Rotom,Electric,Ghost,Rotom
479-3,479-f,Rotom-Frost,Electric,Ice,Rotom
479-1,479-h,Rotom-Heat,Electric,Fire,Rotom
479-5,479-m,Rotom-Mow,Electric,Grass,Rotom
,,Arcanine-Hisui,Fire,Rock,
479-4,479-s,Rotom-Fan,Electric,Flying,Rotom
479-2,479-w,Rotom-Wash,Electric,Water,Rotom
480,480,Uxie,Psychic,,
481,481,Mesprit,Psychic,,
482,482,Azelf,Psychic,,
483,483,Dialga,Steel,Dragon,
484,484,Palkia,Water,Dragon,
485,485,Heatran,Fire,Steel,
486,486,Regigigas,Normal,,
487,487,Giratina,Ghost,Dragon,
487-1,487-o,Giratina-Origin,Ghost,Dragon,
488,488,Cresselia,Psychic,,
489,489,Phione,Water,,
490,490,Manaphy,Water,,
491,491,Darkrai,Dark,,
492,492,Shaymin,Grass,,
492-1,492-s,Shaymin-Sky,Grass,,
493,493,Arceus,Normal,,
493-6,493-bug,Arceus-Bug,Bug,,
493-16,493-dark,Arceus-Dark,Dark,,
493-15,493-dragon,Arceus-Dragon,Dragon,,
493-12,493-electric,Arceus-Electric,Electric,,
493-17,493-fairy,Arceus-Fairy,Fairy,,
493-1,493-fighting,Arceus-Fighting,Fighting,,
493-9,493-fire,Arceus-Fire,Fire,,
493-2,493-flying,Arceus-Flying,Flying,,
,,Iron Bundle,Ice,Water,
493-7,493-ghost,Arceus-Ghost,Ghost,,
493-11,493-grass,Arceus-Grass,Grass,,
493-4,493-ground,Arceus-Ground,Ground,,
493-14,493-ice,Arceus-Ice,Ice,,
493-3,493-poison,Arceus-Poison,Poison,,
493-13,493-psychic,Arceus-Psychic,Psychic,,
493-5,493-rock,Arceus-Rock,Rock,,
493-8,493-steel,Arceus-Steel,Steel,,
493-10,493-water,Arceus-Water,Water,,
494,494,Victini,Psychic,Fire,
495,495,Snivy,Grass,,
496,496,Servine,Grass,,
497,497,Serperior,Grass,,
498,498,Tepig,Fire,,
499,499,Pignite,Fire,Fighting,
500,500,Emboar,Fire,Fighting,
501,501,Oshawott,Water,,
502,502,Dewott,Water,,
503,503,Samurott,Water,,
504,504,Patrat,Normal,,
505,505,Watchog,Normal,,
,,Spidops,Bug,,
,,Nymble,Bug,,
506,506,Lillipup,Normal,,
507,507,Herdier,Normal,,
508,508,Stoutland,Normal,,
509,509,Purrloin,Dark,,
510,510,Liepard,Dark,,
511,511,Pansage,Grass,,
512,512,Simisage,Grass,,
513,513,Pansear,Fire,,
514,514,Simisear,Fire,,
515,515,Panpour,Water,,
516,516,Simipour,Water,,
517,517,Munna,Psychic,,
518,518,Musharna,Psychic,,
519,519,Pidove,Normal,Flying,
520,520,Tranquill,Normal,Flying,
521,521,Unfezant,Normal,Flying,
522,522,Blitzle,Electric,,
523,523,Zebstrika,Electric,,
524,524,Roggenrola,Rock,,
525,525,Boldore,Rock,,
526,526,Gigalith,Rock,,
527,527,Woobat,Psychic,Flying,
528,528,Swoobat,Psychic,Flying,
529,529,Drilbur,Ground,,
,,Decidueye-Hisui,Grass,Fighting,
530,530,Excadrill,Ground,Steel,
531,531,Audino,Normal,,
531-1,531-m,Audino-Mega,Normal,Fairy,
,,Sliggoo-Hisui,Steel,Dragon,
,,Braviary-Hisui,Psychic,Flying,
532,532,Timburr,Fighting,,
533,533,Gurdurr,Fighting,,
534,534,Conkeldurr,Fighting,,
535,535,Tympole,Water,,
536,536,Palpitoad,Water,Ground,
537,537,Seismitoad,Water,Ground,
538,538,Throh,Fighting,,
539,539,Sawk,Fighting,,
540,540,Sewaddle,Bug,Grass,
,,Capsakid,Grass,,
541,541,Swadloon,Bug,Grass,
892-1,892-r,Urshifu-Rapid,Fighting,Water,Urshifu
542,542,Leavanny,Bug,Grass,
,,Brambleghast,Grass,Ghost,
543,543,Venipede,Bug,Poison,
544,544,Whirlipede,Bug,Poison,
545,545,Scolipede,Bug,Poison,
546,546,Cottonee,Grass,Fairy,
547,547,Whimsicott,Grass,Fairy,
548,548,Petilil,Grass,,
549,549,Lilligant,Grass,,
550,550,Basculin,Water,,
551,551,Sandile,Ground,Dark,
552,552,Krokorok,Ground,Dark,
553,553,Krookodile,Ground,Dark,
554,554,Darumaka,Fire,,
,,Enamorus-Therian,Fairy,Flying,Enamorus
,,Sprigatito,Grass,,
,,Floragato,Grass,,
554-1,554-g,Darumaka-Galar,Ice,,
555,555,Darmanitan,Fire,,
555-1,555-d,Darmanitan-Zen,Fire,Psychic,
555-2,555-g,Darmanitan-Galar,Ice,,
555-3,555-gz,Darmanitan-Zen-Galar,Ice,Fire,
556,556,Maractus,Grass,,
557,557,Dwebble,Bug,Rock,
558,558,Crustle,Bug,Rock,
559,559,Scraggy,Dark,Fighting,
560,560,Scrafty,Dark,Fighting,
561,561,Sigilyph,Psychic,Flying,
562,562,Yamask,Ghost,,
562-1,562-g,Yamask-Galar,Ground,Ghost,
563,563,Cofagrigus,Ghost,,
564,564,Tirtouga,Water,Rock,
565,565,Carracosta,Water,Rock,
566,566,Archen,Rock,Flying,
567,567,Archeops,Rock,Flying,
568,568,Trubbish,Poison,,
569_2,569,Garbodor,Poison,,
570,570,Zorua,Dark,,
571,571,Zoroark,Dark,,
572,572,Minccino,Normal,,
573,573,Cinccino,Normal,,
574,574,Gothita,Psychic,,
575,575,Gothorita,Psychic,,
576,576,Gothitelle,Psychic,,
577,577,Solosis,Psychic,,
578,578,Duosion,Psychic,,
579,579,Reuniclus,Psychic,,
580,580,Ducklett,Water,Flying,
581,581,Swanna,Water,Flying,
582,582,Vanillite,Ice,,
583,583,Vanillish,Ice,,
584,584,Vanilluxe,Ice,,
585,585,Deerling,Normal,Grass,
586,586,Sawsbuck,Normal,Grass,
587,587,Emolga,Electric,Flying,
588,588,Karrablast,Bug,,
589,589,Escavalier,Bug,Steel,
590,590,Foongus,Grass,Poison,
591,591,Amoonguss,Grass,Poison,
592,592,Frillish,Water,Ghost,
593,593,Jellicent,Water,Ghost,
594,594,Alomomola,Water,,
595,595,Joltik,Bug,Electric,
596,596,Galvantula,Bug,Electric,
597,597,Ferroseed,Grass,Steel,
598,598,Ferrothorn,Grass,Steel,
599,599,Klink,Steel,,
600,600,Klang,Steel,,
601,601,Klinklang,Steel,,
602,602,Tynamo,Electric,,
603,603,Eelektrik,Electric,,
,,Zorua-Hisui,Normal,Ghost,
,,Samurott-Hisui,Water,Dark,
,,Lilligant-Hisui,Grass,Fighting,
604,604,Eelektross,Electric,,
605,605,Elgyem,Psychic,,
606,606,Beheeyem,Psychic,,
892,892,Urshifu-Single,Fighting,Dark,Urshifu
607,607,Litwick,Ghost,Fire,
,,Dudunsparce,Normal,,
608,608,Lampent,Ghost,Fire,
609,609,Chandelure,Ghost,Fire,
610,610,Axew,Dragon,,
611,611,Fraxure,Dragon,,
612,612,Haxorus,Dragon,,
613,613,Cubchoo,Ice,,
614,614,Beartic,Ice,,
615,615,Cryogonal,Ice,,
616,616,Shelmet,Bug,,
617,617,Accelgor,Bug,,
618,618,Stunfisk,Ground,Electric,
618-1,618-g,Stunfisk-Galar,Ground,Steel,
619,619,Mienfoo,Fighting,,
620,620,Mienshao,Fighting,,
621,621,Druddigon,Dragon,,
622,622,Golett,Ground,Ghost,
623,623,Golurk,Ground,Ghost,
624,624,Pawniard,Dark,Steel,
625,625,Bisharp,Dark,Steel,
626,626,Bouffalant,Normal,,
,,Kilowattrel,Electric,Flying,
627,627,Rufflet,Normal,Flying,
628,628,Braviary,Normal,Flying,
629,629,Vullaby,Dark,Flying,
,,Toedscruel,Ground,Grass,
630,630,Mandibuzz,Dark,Flying,
631,631,Heatmor,Fire,,
632,632,Durant,Bug,Steel,
633,633,Deino,Dark,Dragon,
634,634,Zweilous,Dark,Dragon,
635,635,Hydreigon,Dark,Dragon,
,,Slither Wing,Bug,Fighting,
636,636,Larvesta,Bug,Fire,
637,637,Volcarona,Bug,Fire,
638,638,Cobalion,Steel,Fighting,
639,639,Terrakion,Rock,Fighting,
640,640,Virizion,Grass,Fighting,
641,641,Tornadus,Flying,,Tornadus
641-1,641-s,Tornadus-Therian,Flying,,Tornadus
642,642,Thundurus,Electric,Flying,Thundurus
642-1,642-s,Thundurus-Therian,Electric,Flying,Thundurus
643,643,Reshiram,Dragon,Fire,
644,644,Zekrom,Dragon,Electric,
645,645,Landorus,Ground,Flying,Landorus
645-1,645-s,Landorus-Therian,Ground,Flying,Landorus
646,646,Kyurem,Dragon,Ice,
646-2,646-b,Kyurem-Black,Dragon,Ice,
646-1,646-w,Kyurem-White,Dragon,Ice,
647,647,Keldeo,Water,Fighting,
648,648,Meloetta,Normal,Psychic,
648-1,648-s,Meloetta-Pirouette,Normal,Fighting,
649,649,Genesect,Bug,Steel,
650,650,Chespin,Grass,,
651,651,Quilladin,Grass,,
898,898,Calyrex,Psychic,Grass,
652,652,Chesnaught,Grass,Fighting,
653,653,Fennekin,Fire,,
654,654,Braixen,Fire,,
655,655,Delphox,Fire,Psychic,
656,656,Froakie,Water,,
657,657,Frogadier,Water,,
,,Orthworm,Steel,,
658,658,Greninja,Water,Dark,
658-2,658-a,Greninja-Ash,Water,Dark,
659,659,Bunnelby,Normal,,
660,660,Diggersby,Normal,Ground,
661,661,Fletchling,Normal,Flying,
662,662,Fletchinder,Fire,Flying,
663,663,Talonflame,Fire,Flying,
664,664,Scatterbug,Bug,,
665,665,Spewpa,Bug,,
666-6,666,Vivillon,Bug,Flying,
,,Wattrel,Electric,Flying,
667,667,Litleo,Fire,Normal,
668,668,Pyroar,Fire,Normal,
,,Palafin,Water,,
669,669,Flabebe,Fairy,,
670,670,Floette,Fairy,,
671,671,Florges,Fairy,,
672,672,Skiddo,Grass,,
673,673,Gogoat,Grass,,
674,674,Pancham,Dark,,
675,675,Pangoro,Dark,Fighting,
676,676,Furfrou,Normal,,
677,677,Espurr,Psychic,,
678,678,Meowstic,Psychic,,
678-1,678-f,Meowstic-F,Psychic,,
679,679,Honedge,Steel,Ghost,
680,680,Doublade,Steel,Ghost,
681,681,Aegislash,Steel,Ghost,
681-1,681-b,Aegislash-Blade,Steel,Ghost,
682,682,Spritzee,Fairy,,
683,683,Aromatisse,Fairy,,
684,684,Swirlix,Fairy,,
685,685,Slurpuff,Fairy,,
686,686,Inkay,Dark,Psychic,
687,687,Malamar,Dark,Psychic,
688,688,Binacle,Rock,Water,
689,689,Barbaracle,Rock,Water,
690,690,Skrelp,Poison,Water,
691,691,Dragalge,Poison,Dragon,
,,Squawkabilly,Normal,Flying,
692,692,Clauncher,Water,,
693,693,Clawitzer,Water,,
694,694,Helioptile,Electric,Normal,
695,695,Heliolisk,Electric,Normal,
696,696,Tyrunt,Rock,Dragon,
697,697,Tyrantrum,Rock,Dragon,
698,698,Amaura,Rock,Ice,
699,699,Aurorus,Rock,Ice,
700,700,Sylveon,Fairy,,
701,701,Hawlucha,Fighting,Flying,
702,702,Dedenne,Electric,Fairy,
703,703,Carbink,Rock,Fairy,
704,704,Goomy,Dragon,,
705,705,Sliggoo,Dragon,,
,,Typhlosion-Hisui,Fire,Ghost,
706,706,Goodra,Dragon,,
707,707,Klefki,Steel,Fairy,
708,708,Phantump,Ghost,Grass,
709,709,Trevenant,Ghost,Grass,
710,710,Pumpkaboo,Ghost,Grass,
710-3,710-h,Pumpkaboo-Super,Ghost,Grass,
710-2,710-l,Pumpkaboo-Large,Ghost,Grass,
710-1,710-s,Pumpkaboo-Small,Ghost,Grass,
711,711,Gourgeist,Ghost,Grass,
711-3,711-h,Gourgeist-Super,Ghost,Grass,
901,901,Ursaluna,Ground,Normal,Ursaluna
,,Cyclizar,Dragon,Normal,
711-2,711-l,Gourgeist-Large,Ghost,Grass,
711-1,711-s,Gourgeist-Small,Ghost,Grass,
712,712,Bergmite,Ice,,
713,713,Avalugg,Ice,,
714,714,Noibat,Dragon,Flying,
715,715,Noivern,Dragon,Flying,
716,716,Xerneas,Fairy,,
717,717,Yveltal,Dark,Flying,
718,718,Zygarde,Dragon,Ground,
718-1,718-10,Zygarde-10%,Dragon,Ground,
,,Quaquaval,Water,Fighting,
718-4,718-c,Zygarde-Complete,Dragon,Ground,
719,719,Diancie,Rock,Fairy,
890,890,Eternatus,Poison,Dragon,
891,891,Kubfu,Fighting,,
719-1,719-m,Diancie-Mega,Rock,Fairy,
720,720,Hoopa,Psychic,Ghost,
720-1,720-u,Hoopa-Unbound,Psychic,Dark,
721,721,Volcanion,Fire,Water,
722,722,Rowlet,Grass,Flying,
723,723,Dartrix,Grass,Flying,
724,724,Decidueye,Grass,Ghost,
725,725,Litten,Fire,,
726,726,Torracat,Fire,,
727,727,Incineroar,Fire,Dark,
728,728,Popplio,Water,,
729,729,Brionne,Water,,
730,730,Primarina,Water,Fairy,
731,731,Pikipek,Normal,Flying,
,,Avalugg-Hisui,Ice,Rock,
732,732,Trumbeak,Normal,Flying,
733,733,Toucannon,Normal,Flying,
734,734,Yungoos,Normal,,
735,735,Gumshoos,Normal,,
,,Overqwil,Dark,Poison,
736,736,Grubbin,Bug,,
,,Oinkologne-Female,Normal,,
,,Tarountula,Bug,,
737,737,Charjabug,Bug,Electric,
738,738,Vikavolt,Bug,Electric,
739,739,Crabrawler,Fighting,,
740,740,Crabominable,Fighting,Ice,
741,741,Oricorio,Fire,Flying,
741-1,741-p,Oricorio-Pom-Pom,Electric,Flying,
741-2,741-pau,Oricorio-Pa'u,Psychic,Flying,
741-3,741-s,Oricorio-Sensu,Ghost,Flying,
742,742,Cutiefly,Bug,Fairy,
743,743,Ribombee,Bug,Fairy,
744,744,Rockruff,Rock,,
745,745,Lycanroc-Day,Rock,,
745-2,745-d,Lycanroc-Dusk,Rock,,
745-1,745-m,Lycanroc-Night,Rock,,
746,746,Wishiwashi,Water,,
746-1,746-s,Wishiwashi-School,Water,,
747,747,Mareanie,Poison,Water,
748,748,Toxapex,Poison,Water,
749,749,Mudbray,Ground,,
750,750,Mudsdale,Ground,,
751,751,Dewpider,Water,Bug,
752,752,Araquanid,Water,Bug,
753,753,Fomantis,Grass,,
754,754,Lurantis,Grass,,
755,755,Morelull,Grass,Fairy,
756,756,Shiinotic,Grass,Fairy,
757,757,Salandit,Poison,Fire,
758,758,Salazzle,Poison,Fire,
759,759,Stufful,Normal,Fighting,
760,760,Bewear,Normal,Fighting,
761,761,Bounsweet,Grass,,
762,762,Steenee,Grass,,
763,763,Tsareena,Grass,,
,,Clodsire,Poison,Ground,
764,764,Comfey,Fairy,,
765,765,Oranguru,Normal,Psychic,
,,Crocalor,Fire,,
766,766,Passimian,Fighting,,
767,767,Wimpod,Bug,Water,
768,768,Golisopod,Bug,Water,
769,769,Sandygast,Ghost,Ground,
770,770,Palossand,Ghost,Ground,
771,771,Pyukumuku,Water,,
,,Goodra-Hisui,Steel,Dragon,
,,Bombirdier,Flying,Dark,
772,772,Type: Null,Normal,,
,,Nacli,Rock,,
,,Naclstack,Rock,,
,,Garganacl,Rock,,
773,773,Silvally,Normal,,
773-6,773-bug,Silvally-Bug,Bug,,
773-16,773-dark,Silvally-Dark,Dark,,
773-15,773-dragon,Silvally-Dragon,Dragon,,
773-12,773-electric,Silvally-Electric,Electric,,
773-17,773-fairy,Silvally-Fairy,Fairy,,
773-1,773-fighting,Silvally-Fighting,Fighting,,
773-9,773-fire,Silvally-Fire,Fire,,
773-2,773-flying,Silvally-Flying,Flying,,
773-7,773-ghost,Silvally-Ghost,Ghost,,
773-11,773-grass,Silvally-Grass,Grass,,
,,Brute Bonnet,Grass,Dark,
,,Grafaiai,Poison,Normal,
,,Shroodle,Poison,Normal,
,,Mabosstiff,Dark,,
773-4,773-ground,Silvally-Ground,Ground,,
,,Armarouge,Fire,Psychic,
,,Ceruledge,Fire,Ghost,
773-14,773-ice,Silvally-Ice,Ice,,
773-3,773-poison,Silvally-Poison,Poison,,
773-13,773-psychic,Silvally-Psychic,Psychic,,
773-5,773-rock,Silvally-Rock,Rock,,
773-8,773-steel,Silvally-Steel,Steel,,
773-10,773-water,Silvally-Water,Water,,
774,774,Minior,Rock,Flying,
774-7,774-r,Minior-Meteor,Rock,Flying,
775,775,Komala,Normal,,
776,776,Turtonator,Fire,Dragon,
777,777,Togedemaru,Electric,Steel,
778,778,Mimikyu,Ghost,Fairy,
779,779,Bruxish,Water,Psychic,
780,780,Drampa,Normal,Dragon,
781,781,Dhelmise,Ghost,Grass,
782,782,Jangmo-o,Dragon,,
783,783,Hakamo-o,Dragon,Fighting,
784,784,Kommo-o,Dragon,Fighting,
785,785,Tapu Koko,Electric,Fairy,
786,786,Tapu Lele,Psychic,Fairy,
787,787,Tapu Bulu,Grass,Fairy,
788,788,Tapu Fini,Water,Fairy,
789,789,Cosmog,Psychic,,
790,790,Cosmoem,Psychic,,
791,791,Solgaleo,Psychic,Steel,
792,792,Lunala,Psychic,Ghost,
793,793,Nihilego,Rock,Poison,
794,794,Buzzwole,Bug,Fighting,
795,795,Pheromosa,Bug,Fighting,
796,796,Xurkitree,Electric,,
797,797,Celesteela,Steel,Flying,
897,897,Spectrier,Ghost,,
798,798,Kartana,Grass,Steel,
799,799,Guzzlord,Dark,Dragon,
800,800,Necrozma,Psychic,,
800-1,800-dm,Necrozma-Dusk-Mane,Psychic,Steel,
800-2,800-dw,Necrozma-Dawn-Wings,Psychic,Ghost,
800-3,800-m,Necrozma-Ultra,Psychic,Dragon,
801,801,Magearna,Steel,Fairy,
802,802,Marshadow,Fighting,Ghost,
888-1,888-c,Zacian-Crowned,Fairy,Steel,
803,803,Poipole,Poison,,
804,804,Naganadel,Poison,Dragon,
805,805,Stakataka,Rock,Steel,
806,806,Blacephalon,Fire,Ghost,
807,807,Zeraora,Electric,,
808,808,Meltan,Steel,,
809,809,Melmetal,Steel,,
810,810,Grookey,Grass,,
,,Toedscool,Ground,Grass,
,960,Wiglett,Water,,
811,811,Thwackey,Grass,,
812,812,Rillaboom,Grass,,
813,813,Scorbunny,Fire,,
814,814,Raboot,Fire,,
815,815,Cinderace,Fire,,
816,816,Sobble,Water,,
817,817,Drizzile,Water,,
818,818,Inteleon,Water,,
819,819,Skwovet,Normal,,
820,820,Greedent,Normal,,
821,821,Rookidee,Flying,,
822,822,Corvisquire,Flying,,
823,823,Corviknight,Flying,Steel,
824,824,Blipbug,Bug,,
825,825,Dottler,Bug,Psychic,
826,826,Orbeetle,Bug,Psychic,
827,827,Nickit,Dark,,
828,828,Thievul,Dark,,
895,895,Regidrago,Dragon,,
829,829,Gossifleur,Grass,,
830,830,Eldegoss,Grass,,
831,831,Wooloo,Normal,,
832,832,Dubwool,Normal,,
833,833,Chewtle,Water,,
834,834,Drednaw,Water,Rock,
835,835,Yamper,Electric,,
836,836,Boltund,Electric,,
,,Maushold,Normal,,
837,837,Rolycoly,Rock,,
838,838,Carkol,Rock,Fire,
839,839,Coalossal,Rock,Fire,
840,840,Applin,Grass,Dragon,
841,841,Flapple,Grass,Dragon,
842,842,Appletun,Grass,Dragon,
843,843,Silicobra,Ground,,
844,844,Sandaconda,Ground,,
845,845,Cramorant,Flying,Water,
846,846,Arrokuda,Water,,
,,Tauros-Paldea,Fighting,,
847,847,Barraskewda,Water,,
848,848,Toxel,Poison,Electric,
849,849,Toxtricity,Poison,Electric,
849-1,849-l,Toxtricity-Low-Key,Poison,Electric,
,,Great Tusk,Ground,Fighting,
850,850,Sizzlipede,Fire,Bug,
851,851,Centiskorch,Fire,Bug,
852,852,Clobbopus,Fighting,,
853,853,Grapploct,Fighting,,
,,Meowscarada,Grass,Dark,
854,854,Sinistea,Ghost,,
855,855,Polteageist,Ghost,,
856,856,Hatenna,Psychic,,
,,Tauros-Paldea-Fire,Fighting,Fire,
857,857,Hattrem,Psychic,,
858,858,Hatterene,Psychic,Fairy,
887,887,Dragapult,Dragon,Ghost,
859,859,Impidimp,Dark,Fairy,
860,860,Morgrem,Dark,Fairy,
861,861,Grimmsnarl,Dark,Fairy,
862,862,Obstagoon,Dark,Normal,
863,863,Perrserker,Steel,,
864,864,Cursola,Ghost,,
865,865,Sirfetch'd,Fighting,,
866,866,Mr. Rime,Ice,Psychic,
867,867,Runerigus,Ground,Ghost,
868,868,Milcery,Fairy,,
869,869,Alcremie,Fairy,,
870,870,Falinks,Fighting,,
871,871,Pincurchin,Electric,,
872,872,Snom,Ice,Bug,
873,873,Frosmoth,Ice,Bug,
874,874,Stonjourner,Rock,,
875,875,Eiscue,Ice,,
875-1,875-n,Eiscue-Noice,Ice,,
876,876,Indeedee,Psychic,Normal,
876-1,876-f,Indeedee-F,Psychic,Normal,
877,877,Morpeko,Electric,Dark,
878,878,Cufant,Steel,,
879,879,Copperajah,Steel,,
880,880,Dracozolt,Electric,Dragon,
899,899,Wyrdeer,Normal,Psychic,
881,881,Arctozolt,Electric,Ice,
898-2,898-s,Calyrex-Shadow,Psychic,Ghost,
882,882,Dracovish,Water,Dragon,
883,883,Arctovish,Water,Ice,
884,884,Duraludon,Steel,Dragon,
885,885,Dreepy,Dragon,Ghost,
886,886,Drakloak,Dragon,Ghost,
,,Iron Hands,Fighting,Electric,
,,Iron Jugulis,Dark,Flying,
,,Iron Moth,Fire,Poison,
,,Iron Thorns,Rock,Electric,
,,Frigibax,Dragon,Ice,
,,Arctibax,Dragon,Ice,
,,Baxcalibur,Dragon,Ice,
,,Gimmighoul,Ghost,,
,,Gholdengo,Ghost,Steel,
,,Wo-Chien,Dark,Grass,
,,Chien-Pao,Dark,Ice,
,,Ting-Lu,Dark,Ground,
,,Chi-Yu,Dark,Fire,
,,Roaring Moon,Dragon,Dark,
,,Iron Valiant,Fairy,Fighting,
,,Koraidon,Fighting,Dragon,
,,Miraidon,Electric,Dragon,
,,Walking Wake,Water,Dragon,
,,Iron Leaves,Grass,Psychic,
,,Dipplin,Grass,Dragon,
,,Poltchageist,Grass,Ghost,
,,Sinistcha,Grass,Ghost,
,,Okidogi,Poison,Fighting,
,,Munkidori,Poison,Psychic,
,,Fezandipiti,Poison,Fairy,
,,Ogerpon-Teal-Mask,Grass,,Ogerpon
,,Ogerpon-Wellspring,Grass,Water,Ogerpon
,,Ogerpon-Heartflame,Grass,Fire,Ogerpon
,,Ogerpon-Cornerstone,Grass,Rock,Ogerpon
,,Ursaluna-Bloodmoon,Ground,Normal,Ursaluna
,,Archaludon,Steel,Dragon,
,,Hydrapple,Grass,Dragon,
,,Gouging Fire,Fire,Dragon,
,,Raging Bolt,Electric,Dragon,
,,Iron Boulder,Rock,Psychic,
,,Iron Crown,Steel,Psychic,
,,Terapagos,Normal,,
,,Pecharunt,Poison,Ghost,
,,Rayquaza-Mega-Shiny,Dragon,Flying,
,,Medicham-Mega-Shiny,Psychic,Fighting,