Home #,#,Pokemon,Price,Type 1,Type 2,Species
1,1,Bulbasaur,1,Grass,Poison,
2,2,Ivysaur,1,Grass,Poison,
3,3,Venusaur,10,Grass,Poison,Venusaur
3-1,003-m,Venusaur-Mega,14,Grass,Poison,Venusaur
4,4,Charmander,1,Fire,,
5,5,Charmeleon,1,Fire,,
6,6,Charizard,4,Fire,Flying,Charizard
6-1,006-mx,Charizard-Mega-X,16,Fire,Dragon,Charizard
6-2,006-my,Charizard-Mega-Y,14,Fire,Flying,Charizard
7,7,Squirtle,1,Water,,
8,8,Wartortle,1,Water,,
9,9,Blastoise,8,Water,,Blastoise
9-1,009-m,Blastoise-Mega,12,Water,,Blastoise
10,10,Caterpie,1,Bug,,
11,11,Metapod,1,Bug,,
12,12,Butterfree,2,Bug,Flying,
13,13,Weedle,1,Bug,Poison,
14,14,Kakuna,1,Bug,Poison,
15,15,Beedrill,1,Bug,Poison,
15-1,015-m,Beedrill-Mega,11,Bug,Poison,
16,16,Pidgey,1,Normal,Flying,
17,17,Pidgeotto,1,Normal,Flying,
18,18,Pidgeot,1,Normal,Flying,
18-1,018-m,Pidgeot-Mega,9,Normal,Flying,
,,Pawmi,1,Electric,,
19,19,Rattata,1,Normal,,
19-1,019-a,Rattata-Alola,1,Dark,Normal,
20,20,Raticate,1,Normal,,
20-1,020-a,Raticate-Alola,1,Dark,Normal,
21,21,Spearow,1,Normal,Flying,
,,Oinkologne-Male,4,Normal,,
22,22,Fearow,1,Normal,Flying,
894,894,Regieleki,7,Electric,,
23,23,Ekans,1,Poison,,
24,24,Arbok,1,Poison,,
25,25,Pikachu,3,Electric,,
26,26,Raichu,3,Electric,,
26-1,026-a,Raichu-Alola,7,Electric,Psychic,
27,27,Sandshrew,1,Ground,,
27-1,027-a,Sandshrew-Alola,1,Ice,Steel,
28,28,Sandslash,4,Ground,,
28-1,028-a,Sandslash-Alola,5,Ice,Steel,
29,29,Nidoran-F,1,Poison,,
30,30,Nidorina,1,Poison,,
31,31,Nidoqueen,12,Poison,Ground,
32,32,Nidoran-M,1,Poison,,
33,33,Nidorino,1,Poison,,
34,34,Nidoking,14,Poison,Ground,
35,35,Clefairy,4,Fairy,,
36,36,Clefable,16,Fairy,,
37,37,Vulpix,1,Fire,,
37-1,037-a,Vulpix-Alola,1,Ice,,
38,38,Ninetales,8,Fire,,
,,Kingambit,14,Dark,Steel,Bisharp
38-1,038-a,Ninetales-Alola,14,Ice,Fairy,
39,39,Jigglypuff,1,Normal,Fairy,
40,40,Wigglytuff,3,Normal,Fairy,
41,41,Zubat,1,Poison,Flying,
,,Pawmot,12,Electric,Fighting,
42,42,Golbat,4,Poison,Flying,
43,43,Oddish,1,Poison,Flying,
44,44,Gloom,1,Grass,Poison,
45,45,Vileplume,6,Grass,Poison,
46,46,Paras,1,Bug,Grass,
47,47,Parasect,1,Bug,Grass,
48,48,Venonat,1,Bug,Poison,
49,49,Venomoth,5,Bug,Poison,
50,50,Diglett,1,Ground,,
902-2,902-F,Basculegion-Female,12,Water,Ghost,Basculegion
50-1,050-a,Diglett-Alola,1,Ground,Steel,
51,51,Dugtrio,11,Ground,,
51-1,051-a,Dugtrio-Alola,2,Ground,Steel,
52,52,Meowth,1,Normal,,
52-1,052-a,Meowth-Alola,1,Dark,,
52-2,052-g,Meowth-Galar,1,Steel,,
53,53,Persian,2,Normal,,
53-1,053-a,Persian-Alola,6,Dark,,
54,54,Psyduck,1,Water,,
55,55,Golduck,1,Water,,
56,56,Mankey,1,Fighting,,
889-1,889-c,Zamazenta-Crowned,Banned,Fighting,Steel,
889,889,Zamazenta,Banned,Fighting,,
57,57,Primeape,6,Fighting,,
58,58,Growlithe,1,Fire,,
,,Veluza,4,Water,Psychic,
59,59,Arcanine,11,Fire,,Arcanine
60,60,Poliwag,1,Water,,
61,61,Poliwhirl,1,Water,,
62,62,Poliwrath,4,Water,Fighting,
63,63,Abra,1,Psychic,,
64,64,Kadabra,3,Psychic,,
65,65,Alakazam,12,Psychic,,Alakazam
,,Tandemaus,1,Normal,,
65-1,065-m,Alakazam-Mega,17,Psychic,,Alakazam
66,66,Machop,1,Fighting,,
67,67,Machoke,2,Fighting,,
68,68,Machamp,6,Fighting,,
69,69,Bellsprout,1,Grass,Poison,
70,70,Weepinbell,1,Grass,Poison,
71,71,Victreebel,4,Grass,Poison,
72,72,Tentacool,1,Water,Poison,
73,73,Tentacruel,10,Water,Poison,
74,74,Geodude,1,Rock,Ground,
74-1,074-a,Geodude-Alola,1,Rock,Electric,
75,75,Graveler,1,Rock,Ground,
75-1,075-a,Graveler-Alola,1,Rock,Electric,
76,76,Golem,1,Rock,Ground,
76-1,076-a,Golem-Alola,2,Rock,Electric,
77,77,Ponyta,1,Fire,,
77-1,077-g,Ponyta-Galar,1,Psychic,,
78,78,Rapidash,3,Fire,,
,,Tauros-Paldea-Water,9,Fighting,Water,
78-1,078-g,Rapidash-Galar,3,Psychic,Fairy,
79,79,Slowpoke,1,Water,Psychic,
79-1,079-g,Slowpoke-Galar,1,Psychic,,
80,80,Slowbro,13,Water,Psychic,Slowbro
,,Charcadet,1,Fire,,
979,979,Annihilape,16,Fighting,Ghost,
80-1,080-m,Slowbro-Mega,12,Water,Psychic,Slowbro
900,900,Kleavor,11,Bug,Rock,
80-2,080-g,Slowbro-Galar,8,Poison,Psychic,Slowbro
81,81,Magnemite,1,Electric,Steel,
82,82,Magneton,7,Electric,Steel,
83,83,Farfetch'd,2,Normal,Flying,
,,Varoom,1,Steel,Poison,
83-1,083-g,Farfetch'd-Galar,1,Fighting,,
84,84,Doduo,1,Normal,Flying,
85,85,Dodrio,4,Normal,Flying,
86,86,Seel,1,Water,,
87,87,Dewgong,2,Water,Ice,
88,88,Grimer,1,Poison,,
88-1,088-a,Grimer-Alola,1,Poison,Dark,
89,89,Muk,2,Poison,,
89-1,089-a,Muk-Alola,11,Poison,Dark,
90,90,Shellder,1,Water,,
91,91,Cloyster,8,Water,Ice,
92,92,Gastly,1,Ghost,Poison,
93,93,Haunter,4,Ghost,Poison,
94,94,Gengar,14,Ghost,Poison,
94-1,094-m,Gengar-Mega,Banned,Ghost,Poison,
95,95,Onix,1,Rock,Ground,
,,Bellibolt,9,Electric,,
96,96,Drowzee,1,Psychic,,
97,97,Hypno,2,Psychic,,
98,98,Krabby,1,Water,,
99,99,Kingler,2,Water,,
100,100,Voltorb,1,Electric,,
101,101,Electrode,3,Electric,,
102,102,Exeggcute,1,Grass,Psychic,
103,103,Exeggutor,2,Grass,Psychic,
103-1,103-a,Exeggutor-Alola,4,Grass,Dragon,
104,104,Cubone,1,Ground,,
105,105,Marowak,2,Ground,,
,,Wooper-Paldea,1,Poison,Ground,
,,Tinkatuff,1,Fairy,Steel,
,,Tinkatink,1,Fairy,Steel,
105-1,105-a,Marowak-Alola,8,Fire,Ghost,
106,106,Hitmonlee,7,Fighting,,
,,Pawmo,1,Electric,Fighting,
107,107,Hitmonchan,5,Fighting,,
108,108,Lickitung,3,Normal,,
109,109,Koffing,1,Poison,,
110,110,Weezing,6,Poison,,
110-1,110-g,Weezing-Galar,10,Poison,Fairy,
111,111,Rhyhorn,1,Ground,Rock,
112,112,Rhydon,5,Ground,Rock,
113,113,Chansey,10,Normal,,Chansey
114,114,Tangela,4,Grass,,
115,115,Kangaskhan,4,Normal,,Kangaskhan
115-1,115-m,Kangaskhan-Mega,12,Normal,,Kangaskhan
116,116,Horsea,1,Water,,
,,Flutter Mane,Banned,Ghost,Fairy,
,,Scream Tail,12,Fairy,Psychic,
117,117,Seadra,1,Water,,
118,118,Goldeen,1,Water,,
119,119,Seaking,1,Water,,
120,120,Staryu,1,Water,,
121,121,Starmie,11,Water,Psychic,
122,122,Mr. Mime,3,Psychic,Fairy,
122-1,122-g,Mr. Mime-Galar,4,Ice,Psychic,
123,123,Scyther,5,Bug,Flying,
124,124,Jynx,4,Ice,Psychic,
125,125,Electabuzz,2,Electric,,
126,126,Magmar,2,Fire,,
127,127,Pinsir,2,Bug,,Pinsir
127-1,127-m,Pinsir-Mega,10,Bug,Flying,Pinsir
128,128,Tauros,5,Normal,,
129,129,Magikarp,1,Water,,
,,Fuecoco,1,Fire,,
130,130,Gyarados,12,Water,Flying,Gyarados
130-1,130-m,Gyarados-Mega,14,Water,Dark,Gyarados
131,131,Lapras,3,Water,Ice,
132,132,Ditto,7,Normal,,
133,133,Eevee,1,Normal,,
134,134,Vaporeon,11,Water,,
135,135,Jolteon,9,Electric,,
136,136,Flareon,3,Fire,,
137,137,Porygon,1,Normal,,
138,138,Omanyte,1,Rock,Water,
139,139,Omastar,6,Rock,Water,
140,140,Kabuto,1,Rock,Water,
141,141,Kabutops,4,Rock,Water,
142,142,Aerodactyl,9,Rock,Flying,Aerodactyl
142-1,142-m,Aerodactyl-Mega,16,Rock,Flying,Aerodactyl
143,143,Snorlax,12,Normal,,
144,144,Articuno,6,Ice,Flying,Articuno
144-1,144-g,Articuno-Galar,7,Psychic,Flying,Articuno
145,145,Zapdos,17,Electric,Flying,Zapdos
145-1,145-g,Zapdos-Galar,14,Fighting,Flying,Zapdos
146,146,Moltres,11,Fire,Flying,Moltres
146-1,146-g,Moltres-Galar,12,Dark,Flying,Moltres
147,147,Dratini,1,Dragon,,
148,148,Dragonair,1,Dragon,,
149,149,Dragonite,14,Dragon,Flying,
150,150,Mewtwo,Banned,Psychic,,
,,Electrode-Hisui,7,Electric,Grass,
150-1,150-mx,Mewtwo-Mega-X,Banned,Psychic,Fighting,
150-2,150-my,Mewtwo-Mega-Y,Banned,Psychic,,
151,151,Mew,16,Psychic,,
152,152,Chikorita,1,Grass,,
153,153,Bayleef,1,Grass,,
154,154,Meganium,2,Grass,,
155,155,Cyndaquil,1,Fire,,
156,156,Quilava,1,Fire,,
,,Klawf,7,Rock,,
157,157,Typhlosion,6,Fire,,
,,Quaxwell,2,Water,,
158,158,Totodile,1,Water,,
159,159,Croconaw,1,Water,,
160,160,Feraligatr,8,Water,,
161,161,Sentret,1,Normal,,
162,162,Furret,1,Normal,,
163,163,Hoothoot,1,Normal,Flying,
164,164,Noctowl,2,Normal,Flying,
165,165,Ledyba,1,Bug,Flying,
166,166,Ledian,1,Bug,Flying,
,,Sneasel-Hisui,5,Poison,Fighting,
167,167,Spinarak,1,Bug,Poison,
168,168,Ariados,1,Bug,Poison,
169,169,Crobat,10,Poison,Flying,
170,170,Chinchou,1,Water,Electric,
171,171,Lanturn,4,Water,Electric,
172,172,Pichu,1,Electric,,
173,173,Cleffa,1,Fairy,,
174,174,Igglybuff,1,Normal,Fairy,
175,175,Togepi,1,Fairy,,
176,176,Togetic,4,Fairy,Flying,
177,177,Natu,1,Psychic,Flying,
178,178,Xatu,6,Psychic,Flying,
179,179,Mareep,1,Electric,,
180,180,Flaaffy,1,Electric,,
181,181,Ampharos,2,Electric,,
181-1,181-m,Ampharos-Mega,5,Electric,Dragon,
182,182,Bellossom,2,Grass,,
183,183,Marill,1,Water,Fairy,
184,184,Azumarill,15,Water,Fairy,
185,185,Sudowoodo,1,Rock,,
186,186,Politoed,8,Water,,
187,187,Hoppip,1,Grass,Flying,
188,188,Skiploom,1,Grass,Flying,
,,Lechonk,1,Normal,,
,,Wugtrio,2,Water,,
189,189,Jumpluff,1,Grass,Flying,
190,190,Aipom,1,Normal,,
191,191,Sunkern,1,Grass,,
192,192,Sunflora,1,Grass,,
193,193,Yanma,1,Bug,Flying,
194,194,Wooper,1,Water,,
195,195,Quagsire,6,Water,Ground,
196,196,Espeon,7,Psychic,,
197,197,Umbreon,9,Dark,,
198,198,Murkrow,2,Dark,Flying,
199,199,Slowking,13,Water,Psychic,Slowking
199-1,199-g,Slowking-Galar,16,Poison,Psychic,Slowking
200,200,Misdreavus,3,Ghost,,
201,201,Unown,Banned,Psychic,,
202,202,Wobbuffet,1,Psychic,,
203,203,Girafarig,2,Normal,Psychic,
204,204,Pineco,1,Bug,,
205,205,Forretress,7,Bug,Steel,
206,206,Dunsparce,5,Normal,,
207,207,Gligar,8,Ground,Flying,
208,208,Steelix,7,Ground,Steel,Steelix
208-1,208-m,Steelix-Mega,9,Ground,Steel,Steelix
209,209,Snubbull,1,Fairy,,
,,Dachsbun,4,Fairy,,
210,210,Granbull,4,Fairy,,
211,211,Qwilfish,6,Water,Poison,
212,212,Scizor,14,Bug,Steel,Scizor
212-1,212-m,Scizor-Mega,16,Bug,Steel,Scizor
213,213,Shuckle,4,Bug,Rock,
214,214,Heracross,10,Bug,Fighting,Heracross
214-1,214-m,Heracross-Mega,12,Bug,Fighting,Heracross
215,215,Sneasel,5,Dark,Ice,
216,216,Teddiursa,1,Normal,,
217,217,Ursaring,6,Normal,,Ursaluna
218,218,Slugma,1,Fire,,
219,219,Magcargo,1,Fire,Rock,
220,220,Swinub,1,Ice,Ground,
221,221,Piloswine,7,Ice,Ground,
222,222,Corsola,1,Water,Rock,
222-1,222-g,Corsola-Galar,4,Ghost,,
223,223,Remoraid,1,Water,,
224,224,Octillery,2,Water,,
225,225,Delibird,2,Ice,Flying,
226,226,Mantine,7,Water,Flying,
227,227,Skarmory,14,Steel,Flying,
228,228,Houndour,1,Dark,Fire,
896,896,Glastrier,7,Ice,,
229,229,Houndoom,5,Dark,Fire,Houndoom
229-1,229-m,Houndoom-Mega,11,Dark,Fire,Houndoom
230,230,Kingdra,10,Water,Dragon,
231,231,Phanpy,1,Ground,,
232,232,Donphan,10,Ground,,
,,Sneasler,18,Poison,Fighting,
,,Qwilfish-Hisui,7,Dark,Poison,
233,233,Porygon2,11,Normal,,
234,234,Stantler,2,Normal,,
,,Maschiff,1,Dark,,
235,235,Smeargle,2,Normal,,
236,236,Tyrogue,1,Fighting,,
237,237,Hitmontop,7,Fighting,,
238,238,Smoochum,1,Ice,Psychic,
239,239,Elekid,1,Electric,,
240,240,Magby,1,Fire,,
241,241,Miltank,9,Normal,,
242,242,Blissey,13,Normal,,Chansey
243,243,Raikou,10,Electric,,
244,244,Entei,11,Fire,,
245,245,Suicune,12,Water,,
,,Smoliv,1,Grass,Normal,
246,246,Larvitar,1,Rock,Ground,
247,247,Pupitar,1,Rock,Ground,
248,248,Tyranitar,15,Rock,Dark,Tyranitar
248-1,248-m,Tyranitar-Mega,14,Rock,Dark,Tyranitar
249,249,Lugia,Banned,Psychic,Flying,
250,250,Ho-Oh,Banned,Fire,Flying,
,,Quaxly,1,Water,,
,,Bramblin,,Grass,Ghost,
251,251,Celebi,10,Grass,Psychic,
252,252,Treecko,1,Grass,,
253,253,Grovyle,1,Grass,,
,,Espathra,13,Psychic,,
254,254,Sceptile,5,Grass,,Sceptile
254-1,254-m,Sceptile-Mega,8,Grass,Dragon,Sceptile
255,255,Torchic,1,Fire,,
256,256,Combusken,2,Fire,Fighting,
,,Farigiraf,8,Normal,Psychic,
257,257,Blaziken,15,Fire,Fighting,Blaziken
257-1,257-m,Blaziken-Mega,Banned,Fire,Fighting,Blaziken
,,Growlithe-Hisui,1,Fire,Rock,
258,258,Mudkip,1,Water,,
,,Revavroom,11,Steel,Poison,
259,259,Marshtomp,1,Water,Ground,
260,260,Swampert,12,Water,Ground,Swampert
260-1,260-m,Swampert-Mega,13,Water,Ground,Swampert
261,261,Poochyena,1,Dark,,
262,262,Mightyena,1,Dark,,
,,Cetitan,10,Ice,,
263,263,Zigzagoon,1,Normal,,
263-1,263-g,Zigzagoon-Galar,1,Dark,Normal,
264,264,Linoone,7,Normal,,
264-1,264-g,Linoone-Galar,2,Dark,Normal,
265,265,Wurmple,1,Bug,,
,,Voltorb-Hisui,1,Electric,Grass,
266,266,Silcoon,1,Bug,,
267,267,Beautifly,1,Bug,Flying,
268,268,Cascoon,1,Bug,,
269,269,Dustox,1,Bug,Poison,
270,270,Lotad,1,Water,Grass,
271,271,Lombre,1,Water,Grass,
272,272,Ludicolo,4,Water,Grass,
273,273,Seedot,1,Grass,,
274,274,Nuzleaf,1,Grass,Dark,
275,275,Shiftry,3,Grass,Dark,
276,276,Taillow,1,Normal,Flying,
,,Lokix,9,Bug,Dark,
277,277,Swellow,7,Normal,Flying,
278,278,Wingull,1,Water,Flying,
279,279,Pelipper,12,Water,Flying,
280,280,Ralts,1,Psychic,Fairy,
281,281,Kirlia,1,Psychic,Fairy,
282,282,Gardevoir,10,Psychic,Fairy,Gardevoir
282-1,282-m,Gardevoir-Mega,15,Psychic,Fairy,Gardevoir
,,Tatsugiri,3,Dragon,Water,
283,283,Surskit,1,Bug,Water,
284,284,Masquerain,3,Bug,Flying,
,,Rellor,1,Bug,,
,,Scovillain,6,Grass,Fire,
,,Dondozo,10,Water,,
285,285,Shroomish,1,Grass,,
286,286,Breloom,12,Grass,Fighting,
287,287,Slakoth,1,Normal,,
288,288,Vigoroth,2,Normal,,
289,289,Slaking,3,Normal,,
290,290,Nincada,1,Bug,,
291,291,Ninjask,4,Bug,Flying,
292,292,Shedinja,2,Bug,Ghost,
293,293,Whismur,1,Normal,,
294,294,Loudred,1,Normal,,
295,295,Exploud,6,Normal,,
296,296,Makuhita,1,Fighting,,
297,297,Hariyama,5,Fighting,,
298,298,Azurill,1,Normal,Fairy,
299,299,Nosepass,1,Rock,,
300,300,Skitty,1,Normal,,
301,301,Delcatty,1,Normal,,
302,302,Sableye,4,Dark,Ghost,Sableye
302-1,302-m,Sableye-Mega,12,Dark,Ghost,Sableye
303,303,Mawile,2,Steel,Fairy,Mawile
303-1,303-m,Mawile-Mega,16,Steel,Fairy,Mawile
902-1,902-M,Basculegion-Male,12,Water,Ghost,Basculegion
304,304,Aron,1,Steel,Rock,
305,305,Lairon,1,Steel,Rock,
306,306,Aggron,5,Steel,Rock,Aggron
306-1,306-m,Aggron-Mega,12,Steel,,Aggron
307,307,Meditite,1,Psychic,Fighting,
308,308,Medicham,8,Psychic,Fighting,Medicham
308-1,308-m,Medicham-Mega,17,Psychic,Fighting,Medicham
309,309,Electrike,1,Electric,,
310,310,Manectric,4,Electric,,Manectric
310-1,310-m,Manectric-Mega,9,Electric,,Manectric
,,Squawkabilly-Yellow,2,Normal,Flying,
311,311,Plusle,1,Electric,,
312,312,Minun,1,Electric,,
313,313,Volbeat,2,Bug,,
314,314,Illumise,2,Bug,,
,,Finizen,1,Water,,
,,Rabsca,3,Bug,Psychic,
315,315,Roselia,3,Grass,Poison,
316,316,Gulpin,1,Poison,,
317,317,Swalot,1,Poison,,
318,318,Carvanha,1,Water,Dark,
319,319,Sharpedo,9,Water,Dark,Sharpedo
319-1,319-m,Sharpedo-Mega,12,Water,Dark,Sharpedo
320,320,Wailmer,1,Water,,
321,321,Wailord,2,Water,,
322,322,Numel,1,Fire,Ground,
323,323,Camerupt,2,Fire,Ground,Camerupt
323-1,323-m,Camerupt-Mega,6,Fire,Ground,Camerupt
324,324,Torkoal,10,Fire,,
893,893,Zarude,13,Dark,Grass,
325,325,Spoink,1,Psychic,,
326,326,Grumpig,2,Psychic,,
327,327,Spinda,1,Normal,,
328,328,Trapinch,2,Ground,,
329,329,Vibrava,1,Ground,Dragon,
330,330,Flygon,8,Ground,Dragon,
331,331,Cacnea,1,Grass,,
332,332,Cacturne,2,Grass,Dark,
333,333,Swablu,1,Normal,Flying,
334,334,Altaria,3,Dragon,Flying,Altaria
334-1,334-m,Altaria-Mega,11,Dragon,Fairy,Altaria
335,335,Zangoose,5,Normal,,
336,336,Seviper,1,Poison,,
337,337,Lunatone,1,Rock,Psychic,
338,338,Solrock,1,Rock,Psychic,
339,339,Barboach,1,Water,Ground,
340,340,Whiscash,2,Water,Ground,
341,341,Corphish,1,Water,,
342,342,Crawdaunt,12,Water,Dark,
343,343,Baltoy,1,Ground,Psychic,
344,344,Claydol,4,Ground,Psychic,
345,345,Lileep,1,Rock,Grass,
346,346,Cradily,4,Rock,Grass,
347,347,Anorith,1,Rock,Bug,
348,348,Armaldo,4,Rock,Bug,
349,349,Feebas,1,Water,,
350,350,Milotic,11,Water,,
351,351,Castform,1,Normal,,
352,352,Kecleon,3,Normal,,
353,353,Shuppet,1,Ghost,,
354,354,Banette,1,Ghost,,
354-1,354-m,Banette-Mega,5,Ghost,,
355,355,Duskull,1,Ghost,,
356,356,Dusclops,5,Ghost,,
357,357,Tropius,3,Grass,Flying,
358,358,Chimecho,1,Psychic,,
359,359,Absol,2,Dark,,
359-1,359-m,Absol-Mega,8,Dark,,
360,360,Wynaut,1,Psychic,,
361,361,Snorunt,1,Ice,,
,,Flittle,1,Psychic,,
362,362,Glalie,2,Ice,,Glalie
362-1,362-m,Glalie-Mega,7,Ice,,Glalie
363,363,Spheal,1,Ice,Water,
364,364,Sealeo,1,Ice,Water,
365,365,Walrein,3,Ice,Water,
366,366,Clamperl,2,Water,,
367,367,Huntail,2,Water,,
368,368,Gorebyss,4,Water,,
369,369,Relicanth,2,Water,Rock,
370,370,Luvdisc,1,Water,,
371,371,Bagon,1,Dragon,,
372,372,Shelgon,1,Dragon,,
,,Glimmora,13,Rock,Poison,
,,Greavard,1,Ghost,,
,,Houndstone,7,Ghost,,
,,Flamigo,8,Flying,Fighting,
,,Cetoddle,1,Ice,,
,,Glimmet,1,Rock,Poison,
,,Sandy Shocks,13,Electric,Ground,
373,373,Salamence,14,Dragon,Flying,
373-1,373-m,Salamence-Mega,Banned,Dragon,Flying,
374,374,Beldum,1,Steel,Psychic,
375,375,Metang,1,Steel,Psychic,
376,376,Metagross,13,Steel,Psychic,
376-1,376-m,Metagross-Mega,Banned,Steel,Psychic,
377,377,Regirock,4,Rock,,
378,378,Regice,5,Ice,,
379,379,Registeel,11,Steel,,
380,380,Latias,15,Dragon,Psychic,
380-1,380-m,Latias-Mega,Banned,Dragon,Psychic,
381,381,Latios,17,Dragon,Psychic,
381-1,381-m,Latios-Mega,Banned,Dragon,Psychic,
382,382,Kyogre,Banned,Water,,
382-1,382-p,Kyogre-Primal,Banned,Water,,
383,383,Groudon,Banned,Ground,,
383-1,383-p,Groudon-Primal,Banned,Ground,Fire,
384,384,Rayquaza,Banned,Dragon,Flying,
384-1,384-m,Rayquaza-Mega,Banned,Dragon,Flying,
,,Fidough,1,Fairy,,
,,Tinkaton,6,Fairy,Steel,
385,385,Jirachi,15,Steel,Psychic,
386,386,Deoxys,Banned,Psychic,,Deoxys
386-1,386-a,Deoxys-Attack,Banned,Psychic,,Deoxys
386-2,386-d,Deoxys-Defense,12,Psychic,,Deoxys
,,Tadbulb,1,Electric,,
888,888,Zacian,Banned,Fairy,,
386-3,386-s,Deoxys-Speed,16,Psychic,,Deoxys
387,387,Turtwig,1,Grass,,
388,388,Grotle,3,Grass,,
389,389,Torterra,10,Grass,Ground,
390,390,Chimchar,1,Fire,,
391,391,Monferno,1,Fire,Fighting,
,,Iron Treads,15,Ground,Steel,
392,392,Infernape,14,Fire,Fighting,
393,393,Piplup,1,Water,,
394,394,Prinplup,1,Water,,
395,395,Empoleon,10,Water,Steel,
396,396,Starly,1,Normal,Flying,
397,397,Staravia,1,Normal,Flying,
398,398,Staraptor,11,Normal,Flying,
399,399,Bidoof,1,Normal,,
400,400,Bibarel,2,Normal,Water,
401,401,Kricketot,1,Bug,,
402,402,Kricketune,1,Bug,,
403,403,Shinx,1,Electric,,
404,404,Luxio,1,Electric,,
405,405,Luxray,3,Electric,,
406,406,Budew,1,Grass,Poison,
407,407,Roserade,8,Grass,Poison,
408,408,Cranidos,1,Rock,,
409,409,Rampardos,4,Rock,,
410,410,Shieldon,1,Rock,Steel,
411,411,Bastiodon,2,Rock,Steel,
412,412,Burmy,1,Bug,,
413,413,Wormadam,1,Bug,Grass,
413-1,413-c,Wormadam-Sandy,,Bug,Ground,
413-2,413-s,Wormadam-Trash,,Bug,Steel,
414,414,Mothim,1,Bug,Flying,
,,Zoroark-Hisui,13,Normal,Ghost,
415,415,Combee,1,Bug,Flying,
416,416,Vespiquen,2,Bug,Flying,
417,417,Pachirisu,2,Electric,,
418,418,Buizel,1,Water,,
419,419,Floatzel,5,Water,,
420,420,Cherubi,1,Grass,,
421,421,Cherrim,1,Grass,,
898-1,898-i,Calyrex-Ice,Banned,Psychic,Ice,
422,422,Shellos,1,Water,,
423,423,Gastrodon,8,Water,Ground,
424,424,Ambipom,6,Normal,,
425,425,Drifloon,1,Ghost,Flying,
426,426,Drifblim,4,Ghost,Flying,
427,427,Buneary,1,Normal,,
,,Enamorus,14,Fairy,Flying,Enamorus
428,428,Lopunny,2,Normal,,
428-1,428-m,Lopunny-Mega,16,Normal,Fighting,
429,429,Mismagius,7,Ghost,,
430,430,Honchkrow,6,Dark,Flying,
431,431,Glameow,1,Normal,,
432,432,Purugly,3,Normal,,
433,433,Chingling,1,Psychic,,
434,434,Stunky,1,Poison,Dark,
435,435,Skuntank,5,Poison,Dark,
436,436,Bronzor,1,Steel,Psychic,
437,437,Bronzong,8,Steel,Psychic,
438,438,Bonsly,1,Rock,,
439,439,Mime Jr.,1,Psychic,Fairy,
440,440,Happiny,1,Normal,,
441,441,Chatot,2,Normal,Flying,
442,442,Spiritomb,4,Dark,Ghost,
443,443,Gible,1,Dragon,Ground,
444,444,Gabite,1,Dragon,Ground,
445,445,Garchomp,18,Dragon,Ground,Garchomp
,,Arboliva,7,Grass,Normal,
445-1,445-m,Garchomp-Mega,16,Dragon,Ground,Garchomp
446,446,Munchlax,3,Normal,,
447,447,Riolu,1,Fighting,,
448,448,Lucario,10,Fighting,Steel,
448-1,448-m,Lucario-Mega,Banned,Fighting,Steel,
449,449,Hippopotas,2,Ground,,
450,450,Hippowdon,14,Ground,,
451,451,Skorupi,1,Poison,Bug,
452,452,Drapion,7,Poison,Dark,
453,453,Croagunk,1,Poison,Fighting,
454,454,Toxicroak,6,Poison,Fighting,
455,455,Carnivine,1,Grass,,
456,456,Finneon,1,Water,,
457,457,Lumineon,1,Water,,
458,458,Mantyke,1,Water,Flying,
459,459,Snover,1,Grass,Ice,
460,460,Abomasnow,5,Grass,Ice,
460-1,460-m,Abomasnow-Mega,6,Grass,Ice,
461,461,Weavile,15,Dark,Ice,
462,462,Magnezone,12,Electric,Steel,
463,463,Lickilicky,8,Normal,,
464,464,Rhyperior,9,Rock,Ground,
465,465,Tangrowth,13,Grass,,
466,466,Electivire,4,Electric,,
467,467,Magmortar,4,Fire,,
468,468,Togekiss,12,Fairy,Flying,
469,469,Yanmega,9,Bug,Flying,
470,470,Leafeon,3,Grass,,
471,471,Glaceon,3,Ice,,
472,472,Gliscor,15,Ground,Flying,
,,Dolliv,1,Grass,Normal,
473,473,Mamoswine,14,Ice,Ground,
,,Skeledirge,14,Fire,Ghost,
474,474,Porygon-Z,13,Normal,,
475,475,Gallade,9,Psychic,Fighting,Gallade
475-1,475-m,Gallade-Mega,18,Psychic,Fighting,Gallade
476,476,Probopass,3,Rock,Steel,
477,477,Dusknoir,5,Ghost,,
478,478,Froslass,6,Ice,Ghost,
479,479,Rotom,3,Electric,Ghost,Rotom
479-3,479-f,Rotom-Frost,5,Electric,Ice,Rotom
479-1,479-h,Rotom-Heat,13,Electric,Fire,Rotom
479-5,479-m,Rotom-Mow,11,Electric,Grass,Rotom
,,Arcanine-Hisui,12,Fire,Rock,Arcanine
479-4,479-s,Rotom-Fan,5,Electric,Flying,Rotom
479-2,479-w,Rotom-Wash,14,Electric,Water,Rotom
480,480,Uxie,8,Psychic,,
481,481,Mesprit,7,Psychic,,
482,482,Azelf,13,Psychic,,
483,483,Dialga,Banned,Steel,Dragon,
484,484,Palkia,Banned,Water,Dragon,
485,485,Heatran,15,Fire,Steel,
486,486,Regigigas,4,Normal,,
487,487,Giratina,Banned,Ghost,Dragon,
487-1,487-o,Giratina-Origin,Banned,Ghost,Dragon,
488,488,Cresselia,12,Psychic,,
489,489,Phione,2,Water,,
490,490,Manaphy,14,Water,,
491,491,Darkrai,20,Dark,,
492,492,Shaymin,10,Grass,,
492-1,492-s,Shaymin-Sky,Banned,Grass,,
493,493,Arceus,Banned,Normal,,
493-6,493-bug,Arceus-Bug,Banned,Bug,,
493-16,493-dark,Arceus-Dark,Banned,Dark,,
493-15,493-dragon,Arceus-Dragon,Banned,Dragon,,
493-12,493-electric,Arceus-Electric,Banned,Electric,,
493-17,493-fairy,Arceus-Fairy,Banned,Fairy,,
493-1,493-fighting,Arceus-Fighting,Banned,Fighting,,
493-9,493-fire,Arceus-Fire,Banned,Fire,,
493-2,493-flying,Arceus-Flying,Banned,Flying,,
,,Iron Bundle,19,Ice,Water,
493-7,493-ghost,Arceus-Ghost,Banned,Ghost,,
493-11,493-grass,Arceus-Grass,Banned,Grass,,
493-4,493-ground,Arceus-Ground,Banned,Ground,,
493-14,493-ice,Arceus-Ice,Banned,Ice,,
493-3,493-poison,Arceus-Poison,Banned,Poison,,
493-13,493-psychic,Arceus-Psychic,Banned,Psychic,,
493-5,493-rock,Arceus-Rock,Banned,Rock,,
493-8,493-steel,Arceus-Steel,Banned,Steel,,
493-10,493-water,Arceus-Water,Banned,Water,,
494,494,Victini,16,Psychic,Fire,
495,495,Snivy,1,Grass,,
496,496,Servine,1,Grass,,
497,497,Serperior,10,Grass,,
498,498,Tepig,1,Fire,,
499,499,Pignite,1,Fire,Fighting,
500,500,Emboar,6,Fire,Fighting,
501,501,Oshawott,2,Water,,
502,502,Dewott,1,Water,,
503,503,Samurott,4,Water,,
504,504,Patrat,1,Normal,,
505,505,Watchog,1,Normal,,
,,Spidops,3,Bug,,
,,Nymble,1,Bug,,
506,506,Lillipup,1,Normal,,
507,507,Herdier,1,Normal,,
508,508,Stoutland,4,Normal,,
509,509,Purrloin,1,Dark,,
510,510,Liepard,4,Dark,,
511,511,Pansage,1,Grass,,
512,512,Simisage,2,Grass,,
513,513,Pansear,1,Fire,,
514,514,Simisear,2,Fire,,
515,515,Panpour,1,Water,,
516,516,Simipour,4,Water,,
517,517,Munna,1,Psychic,,
518,518,Musharna,4,Psychic,,
519,519,Pidove,1,Normal,Flying,
520,520,Tranquill,1,Normal,Flying,
521,521,Unfezant,3,Normal,Flying,
522,522,Blitzle,1,Electric,,
523,523,Zebstrika,3,Electric,,
524,524,Roggenrola,1,Rock,,
525,525,Boldore,1,Rock,,
526,526,Gigalith,8,Rock,,
527,527,Woobat,1,Psychic,Flying,
528,528,Swoobat,3,Psychic,Flying,
529,529,Drilbur,1,Ground,,
,,Decidueye-Hisui,6,Grass,Fighting,
530,530,Excadrill,14,Ground,Steel,
531,531,Audino,5,Normal,,
531-1,531-m,Audino-Mega,6,Normal,Fairy,
,,Sliggoo-Hisui,1,Steel,Dragon,
,,Braviary-Hisui,9,Psychic,Flying,
532,532,Timburr,1,Fighting,,
533,533,Gurdurr,4,Fighting,,
534,534,Conkeldurr,13,Fighting,,
535,535,Tympole,1,Water,,
536,536,Palpitoad,1,Water,Ground,
537,537,Seismitoad,9,Water,Ground,
538,538,Throh,3,Fighting,,
539,539,Sawk,4,Fighting,,
540,540,Sewaddle,1,Bug,Grass,
,,Capsakid,1,Grass,,
541,541,Swadloon,1,Bug,Grass,
892-1,892-r,Urshifu-Rapid,15,Fighting,Water,Urshifu
542,542,Leavanny,2,Bug,Grass,
,,Brambleghast,7,Grass,Ghost,
543,543,Venipede,1,Bug,Poison,
544,544,Whirlipede,1,Bug,Poison,
545,545,Scolipede,11,Bug,Poison,
546,546,Cottonee,1,Grass,Fairy,
547,547,Whimsicott,9,Grass,Fairy,
548,548,Petilil,1,Grass,,
549,549,Lilligant,5,Grass,,
550,550,Basculin,6,Water,,
551,551,Sandile,1,Ground,Dark,
552,552,Krokorok,1,Ground,Dark,
553,553,Krookodile,13,Ground,Dark,
554,554,Darumaka,1,Fire,,
,,Enamorus-Therian,11,Fairy,Flying,Enamorus
,,Sprigatito,1,Grass,,
,,Floragato,1,Grass,,
554-1,554-g,Darumaka-Galar,1,Ice,,
555,555,Darmanitan,10,Fire,,Darmanitan
555-1,555-d,Darmanitan-Zen,,Fire,Psychic,
555-2,555-g,Darmanitan-Galar,15,Ice,,Darmanitan
555-3,555-gz,Darmanitan-Zen-Galar,,Ice,Fire,
556,556,Maractus,1,Grass,,
557,557,Dwebble,1,Bug,Rock,
558,558,Crustle,5,Bug,Rock,
559,559,Scraggy,1,Dark,Fighting,
560,560,Scrafty,6,Dark,Fighting,
561,561,Sigilyph,8,Psychic,Flying,
562,562,Yamask,1,Ghost,,
562-1,562-g,Yamask-Galar,1,Ground,Ghost,
563,563,Cofagrigus,7,Ghost,,
564,564,Tirtouga,1,Water,Rock,
565,565,Carracosta,3,Water,Rock,
566,566,Archen,1,Rock,Flying,
567,567,Archeops,8,Rock,Flying,
568,568,Trubbish,1,Poison,,
569_2,569,Garbodor,6,Poison,,
570,570,Zorua,1,Dark,,
571,571,Zoroark,7,Dark,,
572,572,Minccino,1,Normal,,
573,573,Cinccino,6,Normal,,
574,574,Gothita,1,Psychic,,
575,575,Gothorita,1,Psychic,,
576,576,Gothitelle,2,Psychic,,
577,577,Solosis,1,Psychic,,
578,578,Duosion,1,Psychic,,
579,579,Reuniclus,13,Psychic,,
580,580,Ducklett,1,Water,Flying,
581,581,Swanna,1,Water,Flying,
582,582,Vanillite,1,Ice,,
583,583,Vanillish,1,Ice,,
584,584,Vanilluxe,6,Ice,,
585,585,Deerling,1,Normal,Grass,
586,586,Sawsbuck,3,Normal,Grass,
587,587,Emolga,2,Electric,Flying,
588,588,Karrablast,1,Bug,,
589,589,Escavalier,6,Bug,Steel,
590,590,Foongus,1,Grass,Poison,
591,591,Amoonguss,10,Grass,Poison,
592,592,Frillish,1,Water,Ghost,
593,593,Jellicent,8,Water,Ghost,
594,594,Alomomola,9,Water,,
595,595,Joltik,1,Bug,Electric,
596,596,Galvantula,8,Bug,Electric,
597,597,Ferroseed,4,Grass,Steel,
598,598,Ferrothorn,15,Grass,Steel,
599,599,Klink,1,Steel,,
600,600,Klang,1,Steel,,
601,601,Klinklang,2,Steel,,
602,602,Tynamo,1,Electric,,
603,603,Eelektrik,1,Electric,,
,,Zorua-Hisui,1,Normal,Ghost,
,,Samurott-Hisui,15,Water,Dark,
,,Lilligant-Hisui,14,Grass,Fighting,
604,604,Eelektross,6,Electric,,
605,605,Elgyem,1,Psychic,,
606,606,Beheeyem,2,Psychic,,
892,892,Urshifu-Single,19,Fighting,Dark,Urshifu
607,607,Litwick,1,Ghost,Fire,
,,Dudunsparce,9,Normal,,
608,608,Lampent,1,Ghost,Fire,
609,609,Chandelure,9,Ghost,Fire,
610,610,Axew,1,Dragon,,
611,611,Fraxure,1,Dragon,,
612,612,Haxorus,11,Dragon,,
613,613,Cubchoo,1,Ice,,
614,614,Beartic,2,Ice,,
615,615,Cryogonal,5,Ice,,
616,616,Shelmet,1,Bug,,
617,617,Accelgor,8,Bug,,
618,618,Stunfisk,4,Ground,Electric,
618-1,618-g,Stunfisk-Galar,2,Ground,Steel,
619,619,Mienfoo,1,Fighting,,
620,620,Mienshao,12,Fighting,,
621,621,Druddigon,6,Dragon,,
622,622,Golett,1,Ground,Ghost,
623,623,Golurk,6,Ground,Ghost,
624,624,Pawniard,1,Dark,Steel,
625,625,Bisharp,11,Dark,Steel,Bisharp
626,626,Bouffalant,4,Normal,,
,,Kilowattrel,7,Electric,Flying,
627,627,Rufflet,1,Normal,Flying,
628,628,Braviary,7,Normal,Flying,
629,629,Vullaby,2,Dark,Flying,
,,Toedscruel,7,Ground,Grass,
630,630,Mandibuzz,11,Dark,Flying,
631,631,Heatmor,2,Fire,,
632,632,Durant,7,Bug,Steel,
633,633,Deino,1,Dark,Dragon,
634,634,Zweilous,1,Dark,Dragon,
635,635,Hydreigon,14,Dark,Dragon,
,,Slither Wing,15,Bug,Fighting,
636,636,Larvesta,1,Bug,Fire,
637,637,Volcarona,15,Bug,Fire,
638,638,Cobalion,10,Steel,Fighting,
639,639,Terrakion,15,Rock,Fighting,
640,640,Virizion,8,Grass,Fighting,
641,641,Tornadus,11,Flying,,Tornadus
641-1,641-s,Tornadus-Therian,18,Flying,,Tornadus
642,642,Thundurus,14,Electric,Flying,Thundurus
642-1,642-s,Thundurus-Therian,15,Electric,Flying,Thundurus
643,643,Reshiram,Banned,Dragon,Fire,
644,644,Zekrom,Banned,Dragon,Electric,
645,645,Landorus,19,Ground,Flying,Landorus
645-1,645-s,Landorus-Therian,16,Ground,Flying,Landorus
646,646,Kyurem,16,Dragon,Ice,
646-2,646-b,Kyurem-Black,Banned,Dragon,Ice,
646-1,646-w,Kyurem-White,Banned,Dragon,Ice,
647,647,Keldeo,12,Water,Fighting,
648,648,Meloetta,10,Normal,Psychic,
648-1,648-s,Meloetta-Pirouette,,Normal,Fighting,
649,649,Genesect,Banned,Bug,Steel,
650,650,Chespin,1,Grass,,
651,651,Quilladin,3,Grass,,
898,898,Calyrex,2,Psychic,Grass,
652,652,Chesnaught,7,Grass,Fighting,
653,653,Fennekin,1,Fire,,
654,654,Braixen,1,Fire,,
655,655,Delphox,7,Fire,Psychic,
656,656,Froakie,1,Water,,
657,657,Frogadier,1,Water,,
,,Orthworm,8,Steel,,
658,658,Greninja,15,Water,Dark,
658-2,658-a,Greninja-Ash,Banned,Water,Dark,
659,659,Bunnelby,1,Normal,,
660,660,Diggersby,11,Normal,Ground,
661,661,Fletchling,1,Normal,Flying,
662,662,Fletchinder,2,Fire,Flying,
663,663,Talonflame,9,Fire,Flying,
664,664,Scatterbug,1,Bug,,
665,665,Spewpa,1,Bug,,
666-6,666,Vivillon,2,Bug,Flying,
,,Wattrel,1,Electric,Flying,
667,667,Litleo,1,Fire,Normal,
668,668,Pyroar,2,Fire,Normal,
,,Palafin,20,Water,,
669,669,Flabebe,1,Fairy,,
670,670,Floette,1,Fairy,,
670-1,670-e,Floette-Eternal,12,Fairy,,
671,671,Florges,9,Fairy,,
672,672,Skiddo,1,Grass,,
673,673,Gogoat,1,Grass,,
674,674,Pancham,1,Dark,,
675,675,Pangoro,6,Dark,Fighting,
676,676,Furfrou,1,Normal,,
677,677,Espurr,1,Psychic,,
678,678,Meowstic,2,Psychic,,
678-1,678-f,Meowstic-F,,Psychic,,
679,679,Honedge,1,Steel,Ghost,
680,680,Doublade,6,Steel,Ghost,
681,681,Aegislash,15,Steel,Ghost,
681-1,681-b,Aegislash-Blade,,Steel,Ghost,
682,682,Spritzee,1,Fairy,,
683,683,Aromatisse,6,Fairy,,
684,684,Swirlix,1,Fairy,,
685,685,Slurpuff,7,Fairy,,
686,686,Inkay,1,Dark,Psychic,
687,687,Malamar,3,Dark,Psychic,
688,688,Binacle,1,Rock,Water,
689,689,Barbaracle,7,Rock,Water,
690,690,Skrelp,1,Poison,Water,
691,691,Dragalge,8,Poison,Dragon,
,,Squawkabilly,2,Normal,Flying,
692,692,Clauncher,1,Water,,
693,693,Clawitzer,5,Water,,
694,694,Helioptile,1,Electric,Normal,
695,695,Heliolisk,8,Electric,Normal,
696,696,Tyrunt,1,Rock,Dragon,
697,697,Tyrantrum,9,Rock,Dragon,
698,698,Amaura,1,Rock,Ice,
699,699,Aurorus,4,Rock,Ice,
700,700,Sylveon,13,Fairy,,
701,701,Hawlucha,14,Fighting,Flying,
702,702,Dedenne,1,Electric,Fairy,
703,703,Carbink,2,Rock,Fairy,
704,704,Goomy,1,Dragon,,
705,705,Sliggoo,1,Dragon,,
,,Typhlosion-Hisui,7,Fire,Ghost,
706,706,Goodra,8,Dragon,,
707,707,Klefki,10,Steel,Fairy,
708,708,Phantump,1,Ghost,Grass,
709,709,Trevenant,3,Ghost,Grass,
710,710,Pumpkaboo,1,Ghost,Grass,
710-3,710-h,Pumpkaboo-Super,,Ghost,Grass,
710-2,710-l,Pumpkaboo-Large,,Ghost,Grass,
710-1,710-s,Pumpkaboo-Small,,Ghost,Grass,
711,711,Gourgeist,7,Ghost,Grass,
711-3,711-h,Gourgeist-Super,,Ghost,Grass,
901,901,Ursaluna,16,Ground,Normal,Ursaluna
,,Cyclizar,7,Dragon,Normal,
711-2,711-l,Gourgeist-Large,,Ghost,Grass,
711-1,711-s,Gourgeist-Small,,Ghost,Grass,
712,712,Bergmite,1,Ice,,
713,713,Avalugg,5,Ice,,
714,714,Noibat,1,Dragon,Flying,
715,715,Noivern,10,Dragon,Flying,
716,716,Xerneas,Banned,Fairy,,
717,717,Yveltal,Banned,Dark,Flying,
718,718,Zygarde,16,Dragon,Ground,Zygarde
718-1,718-10,Zygarde-10%,12,Dragon,Ground,Zygarde
,,Quaquaval,15,Water,Fighting,
718-4,718-c,Zygarde-Complete,Banned,Dragon,Ground,
719,719,Diancie,7,Rock,Fairy,
890,890,Eternatus,Banned,Poison,Dragon,
891,891,Kubfu,1,Fighting,,
719-1,719-m,Diancie-Mega,17,Rock,Fairy,
720,720,Hoopa,7,Psychic,Ghost,Hoopa
720-1,720-u,Hoopa-Unbound,13,Psychic,Dark,Hoopa
721,721,Volcanion,13,Fire,Water,
722,722,Rowlet,1,Grass,Flying,
723,723,Dartrix,1,Grass,Flying,
724,724,Decidueye,8,Grass,Ghost,
725,725,Litten,1,Fire,,
726,726,Torracat,1,Fire,,
727,727,Incineroar,10,Fire,Dark,
728,728,Popplio,1,Water,,
729,729,Brionne,1,Water,,
730,730,Primarina,12,Water,Fairy,
731,731,Pikipek,1,Normal,Flying,
,,Avalugg-Hisui,6,Ice,Rock,
732,732,Trumbeak,1,Normal,Flying,
733,733,Toucannon,3,Normal,Flying,
734,734,Yungoos,1,Normal,,
735,735,Gumshoos,1,Normal,,
,,Overqwil,8,Dark,Poison,
736,736,Grubbin,1,Bug,,
,,Oinkologne-Female,3,Normal,,
,,Tarountula,,Bug,,
737,737,Charjabug,2,Bug,Electric,
738,738,Vikavolt,9,Bug,Electric,
739,739,Crabrawler,1,Fighting,,
740,740,Crabominable,2,Fighting,Ice,
741,741,Oricorio,6,Fire,Flying,
741-1,741-p,Oricorio-Pom-Pom,,Electric,Flying,
741-2,741-pau,Oricorio-Pa'u,,Psychic,Flying,
741-3,741-s,Oricorio-Sensu,,Ghost,Flying,
742,742,Cutiefly,2,Bug,Fairy,
743,743,Ribombee,9,Bug,Fairy,
744,744,Rockruff,1,Rock,,
745,745,Lycanroc-Day,7,Rock,,
745-2,745-d,Lycanroc-Dusk,13,Rock,,
745-1,745-m,Lycanroc-Night,4,Rock,,
746,746,Wishiwashi,2,Water,,
746-1,746-s,Wishiwashi-School,,Water,,
747,747,Mareanie,1,Poison,Water,
748,748,Toxapex,12,Poison,Water,
749,749,Mudbray,1,Ground,,
750,750,Mudsdale,8,Ground,,
751,751,Dewpider,1,Water,Bug,
752,752,Araquanid,9,Water,Bug,
753,753,Fomantis,1,Grass,,
754,754,Lurantis,5,Grass,,
755,755,Morelull,1,Grass,Fairy,
756,756,Shiinotic,2,Grass,Fairy,
757,757,Salandit,1,Poison,Fire,
758,758,Salazzle,7,Poison,Fire,
759,759,Stufful,1,Normal,Fighting,
760,760,Bewear,7,Normal,Fighting,
761,761,Bounsweet,1,Grass,,
762,762,Steenee,1,Grass,,
763,763,Tsareena,8,Grass,,
,,Clodsire,13,Poison,Ground,
764,764,Comfey,8,Fairy,,
765,765,Oranguru,3,Normal,Psychic,
,,Crocalor,4,Fire,,
766,766,Passimian,6,Fighting,,
767,767,Wimpod,1,Bug,Water,
768,768,Golisopod,7,Bug,Water,
769,769,Sandygast,1,Ghost,Ground,
770,770,Palossand,7,Ghost,Ground,
771,771,Pyukumuku,3,Water,,
,,Goodra-Hisui,12,Steel,Dragon,
,,Bombirdier,9,Flying,Dark,
772,772,Type: Null,4,Normal,,
,,Nacli,1,Rock,,
,,Naclstack,5,Rock,,
,,Garganacl,11,Rock,,
773,773,Silvally,11,Normal,,
773-6,773-bug,Silvally-Bug,,Bug,,
773-16,773-dark,Silvally-Dark,,Dark,,
773-15,773-dragon,Silvally-Dragon,,Dragon,,
773-12,773-electric,Silvally-Electric,,Electric,,
773-17,773-fairy,Silvally-Fairy,,Fairy,,
773-1,773-fighting,Silvally-Fighting,,Fighting,,
773-9,773-fire,Silvally-Fire,,Fire,,
773-2,773-flying,Silvally-Flying,,Flying,,
773-7,773-ghost,Silvally-Ghost,,Ghost,,
773-11,773-grass,Silvally-Grass,,Grass,,
,,Brute Bonnet,11,Grass,Dark,
,,Grafaiai,6,Poison,Normal,
,,Shroodle,1,Poison,Normal,
,,Mabosstiff,8,Dark,,
773-4,773-ground,Silvally-Ground,,Ground,,
,,Armarouge,10,Fire,Psychic,
,,Ceruledge,12,Fire,Ghost,
773-14,773-ice,Silvally-Ice,,Ice,,
773-3,773-poison,Silvally-Poison,,Poison,,
773-13,773-psychic,Silvally-Psychic,,Psychic,,
773-5,773-rock,Silvally-Rock,,Rock,,
773-8,773-steel,Silvally-Steel,,Steel,,
773-10,773-water,Silvally-Water,,Water,,
774,774,Minior,5,Rock,Flying,
774-7,774-r,Minior-Meteor,,Rock,Flying,
775,775,Komala,3,Normal,,
776,776,Turtonator,5,Fire,Dragon,
777,777,Togedemaru,4,Electric,Steel,
778,778,Mimikyu,9,Ghost,Fairy,
779,779,Bruxish,5,Water,Psychic,
780,780,Drampa,5,Normal,Dragon,
781,781,Dhelmise,9,Ghost,Grass,
782,782,Jangmo-o,1,Dragon,,
783,783,Hakamo-o,1,Dragon,Fighting,
784,784,Kommo-o,16,Dragon,Fighting,
785,785,Tapu Koko,18,Electric,Fairy,
786,786,Tapu Lele,16,Psychic,Fairy,
787,787,Tapu Bulu,10,Grass,Fairy,
788,788,Tapu Fini,16,Water,Fairy,
789,789,Cosmog,1,Psychic,,
790,790,Cosmoem,1,Psychic,,
791,791,Solgaleo,Banned,Psychic,Steel,
792,792,Lunala,Banned,Psychic,Ghost,
793,793,Nihilego,12,Rock,Poison,
794,794,Buzzwole,14,Bug,Fighting,
795,795,Pheromosa,Banned,Bug,Fighting,
796,796,Xurkitree,11,Electric,,
797,797,Celesteela,17,Steel,Flying,
897,897,Spectrier,20,Ghost,,
798,798,Kartana,16,Grass,Steel,
799,799,Guzzlord,5,Dark,Dragon,
800,800,Necrozma,15,Psychic,,
800-1,800-dm,Necrozma-Dusk-Mane,Banned,Psychic,Steel,
800-2,800-dw,Necrozma-Dawn-Wings,Banned,Psychic,Ghost,
800-3,800-m,Necrozma-Ultra,Banned,Psychic,Dragon,
801,801,Magearna,Banned,Steel,Fairy,
802,802,Marshadow,Banned,Fighting,Ghost,
888-1,888-c,Zacian-Crowned,Banned,Fairy,Steel,
803,803,Poipole,1,Poison,,
804,804,Naganadel,Banned,Poison,Dragon,
805,805,Stakataka,9,Rock,Steel,
806,806,Blacephalon,15,Fire,Ghost,
807,807,Zeraora,16,Electric,,
808,808,Meltan,1,Steel,,
809,809,Melmetal,17,Steel,,
810,810,Grookey,1,Grass,,
,,Toedscool,1,Ground,Grass,
,960,Wiglett,1,Water,,
811,811,Thwackey,3,Grass,,
812,812,Rillaboom,15,Grass,,
813,813,Scorbunny,1,Fire,,
814,814,Raboot,2,Fire,,
815,815,Cinderace,15,Fire,,
816,816,Sobble,1,Water,,
817,817,Drizzile,1,Water,,
818,818,Inteleon,9,Water,,
819,819,Skwovet,1,Normal,,
820,820,Greedent,2,Normal,,
821,821,Rookidee,1,Flying,,
822,822,Corvisquire,1,Flying,,
823,823,Corviknight,15,Flying,Steel,
824,824,Blipbug,1,Bug,,
825,825,Dottler,2,Bug,Psychic,
826,826,Orbeetle,5,Bug,Psychic,
827,827,Nickit,1,Dark,,
828,828,Thievul,2,Dark,,
895,895,Regidrago,9,Dragon,,
829,829,Gossifleur,1,Grass,,
830,830,Eldegoss,3,Grass,,
831,831,Wooloo,1,Normal,,
832,832,Dubwool,4,Normal,,
833,833,Chewtle,1,Water,,
834,834,Drednaw,5,Water,Rock,
835,835,Yamper,1,Electric,,
836,836,Boltund,6,Electric,,
,,Maushold,3,Normal,,
837,837,Rolycoly,1,Rock,,
838,838,Carkol,2,Rock,Fire,
839,839,Coalossal,5,Rock,Fire,
840,840,Applin,1,Grass,Dragon,
841,841,Flapple,5,Grass,Dragon,
842,842,Appletun,5,Grass,Dragon,
843,843,Silicobra,1,Ground,,
844,844,Sandaconda,6,Ground,,
845,845,Cramorant,2,Flying,Water,
846,846,Arrokuda,1,Water,,
,,Tauros-Paldea,7,Fighting,,
847,847,Barraskewda,12,Water,,
848,848,Toxel,1,Poison,Electric,
849,849,Toxtricity,10,Poison,Electric,
849-1,849-l,Toxtricity-Low-Key,,Poison,Electric,
,,Great Tusk,16,Ground,Fighting,
850,850,Sizzlipede,1,Fire,Bug,
851,851,Centiskorch,5,Fire,Bug,
852,852,Clobbopus,1,Fighting,,
853,853,Grapploct,1,Fighting,,
,,Meowscarada,16,Grass,Dark,
854,854,Sinistea,1,Ghost,,
855,855,Polteageist,8,Ghost,,
856,856,Hatenna,1,Psychic,,
,,Tauros-Paldea-Fire,8,Fighting,Fire,
857,857,Hattrem,1,Psychic,,
858,858,Hatterene,11,Psychic,Fairy,
887,887,Dragapult,20,Dragon,Ghost,
859,859,Impidimp,1,Dark,Fairy,
860,860,Morgrem,1,Dark,Fairy,
861,861,Grimmsnarl,12,Dark,Fairy,
862,862,Obstagoon,12,Dark,Normal,
863,863,Perrserker,2,Steel,,
864,864,Cursola,3,Ghost,,
865,865,Sirfetch'd,6,Fighting,,
866,866,Mr. Rime,4,Ice,Psychic,
867,867,Runerigus,6,Ground,Ghost,
868,868,Milcery,1,Fairy,,
869,869,Alcremie,5,Fairy,,
870,870,Falinks,4,Fighting,,
871,871,Pincurchin,5,Electric,,
872,872,Snom,1,Ice,Bug,
873,873,Frosmoth,6,Ice,Bug,
874,874,Stonjourner,3,Rock,,
875,875,Eiscue,3,Ice,,
875-1,875-n,Eiscue-Noice,,Ice,,
876,876,Indeedee,10,Psychic,Normal,
876-1,876-f,Indeedee-F,8,Psychic,Normal,
877,877,Morpeko,5,Electric,Dark,
878,878,Cufant,1,Steel,,
879,879,Copperajah,6,Steel,,
880,880,Dracozolt,12,Electric,Dragon,
899,899,Wyrdeer,6,Normal,Psychic,
881,881,Arctozolt,7,Electric,Ice,
898-2,898-s,Calyrex-Shadow,Banned,Psychic,Ghost,
882,882,Dracovish,14,Water,Dragon,
883,883,Arctovish,6,Water,Ice,
884,884,Duraludon,6,Steel,Dragon,
885,885,Dreepy,1,Dragon,Ghost,
886,886,Drakloak,1,Dragon,Ghost,
,,Iron Hands,14,Fighting,Electric,
,,Iron Jugulis,13,Dark,Flying,
,,Iron Moth,14,Fire,Poison,
,,Iron Thorns,11,Rock,Electric,
,,Frigibax,1,Dragon,Ice,
,,Arctibax,1,Dragon,Ice,
,,Baxcalibur,17,Dragon,Ice,
,,Gimmighoul,1,Ghost,,
,,Gholdengo,15,Ghost,Steel,
,,Wo-Chien,10,Dark,Grass,
,,Chien-Pao,18,Dark,Ice,
,,Ting-Lu,14,Dark,Ground,
,,Chi-Yu,19,Dark,Fire,
,,Roaring Moon,17,Dragon,Dark,
,,Iron Valiant,20,Fairy,Fighting,
,,Koraidon,Banned,Fighting,Dragon,
,,Miraidon,Banned,Electric,Dragon,
,,Walking Wake,17,Water,Dragon,
,,Iron Leaves,12,Grass,Psychic,
,,Dipplin,3,Grass,Dragon,
,,Poltchageist,1,Grass,Ghost,
,,Sinistcha,11,Grass,Ghost,
,,Okidogi,14,Poison,Fighting,
,,Munkidori,11,Poison,Psychic,
,,Fezandipiti,11,Poison,Fairy,
,,Ogerpon-Teal-Mask,14,Grass,,Ogerpon
,,Ogerpon-Wellspring,15,Grass,Water,Ogerpon
,,Ogerpon-Hearthflame,16,Grass,Fire,Ogerpon
,,Ogerpon-Cornerstone,14,Grass,Rock,Ogerpon
,,Ursaluna-Bloodmoon,16,Ground,Normal,Ursaluna
,,Archaludon,15,Steel,Dragon,
,,Hydrapple,12,Grass,Dragon,
,,Gouging Fire,20,Fire,Dragon,
,,Raging Bolt,15,Electric,Dragon,
,,Iron Boulder,14,Rock,Psychic,
,,Iron Crown,13,Steel,Psychic,
,,Terapagos,16,Normal,,
,,Pecharunt,14,Poison,Ghost,
,,Rayquaza-Mega-Shiny,,Dragon,Flying,
,,Medicham-Mega-Shiny,,Psychic,Fighting,